Copyright 1986-2022 Xilinx, Inc. All Rights Reserved. Copyright 2022-2026 Advanced Micro Devices, Inc. All Rights Reserved.
---------------------------------------------------------------------------------------------------------------------------------------------
| Tool Version : Vivado v.2026.1 (win64) Build 6511674 Tue Jun 16 11:02:23 MDT 2026
| Date         : Thu Oct  8 21:39:30 2026
| Host         : Kevin running 64-bit major release  (build 9200)
| Command      : report_timing_summary -max_paths 10 -file timing.rpt
| Design       : basys3_top
| Device       : 7a35t-cpg236
| Speed File   : -1  PRODUCTION 1.23 2018-06-13
| Design State : Routed
---------------------------------------------------------------------------------------------------------------------------------------------

Timing Summary Report

------------------------------------------------------------------------------------------------
| Timer Settings
| --------------
------------------------------------------------------------------------------------------------

  Enable Multi Corner Analysis               :  Yes
  Enable Pessimism Removal                   :  Yes
  Pessimism Removal Resolution               :  Nearest Common Node
  Enable Input Delay Default Clock           :  No
  Enable Preset / Clear Arcs                 :  No
  Disable Flight Delays                      :  No
  Ignore I/O Paths                           :  No
  Timing Early Launch at Borrowing Latches   :  No
  Borrow Time for Max Delay Exceptions       :  Yes
  Merge Timing Exceptions                    :  Yes
  Inter-SLR Compensation                     :  Conservative

  Corner  Analyze    Analyze    
  Name    Max Paths  Min Paths  
  ------  ---------  ---------  
  Slow    Yes        Yes        
  Fast    Yes        Yes        


------------------------------------------------------------------------------------------------
| Report Methodology
| ------------------
------------------------------------------------------------------------------------------------

Rule     Severity  Description                                 Violations  
-------  --------  ------------------------------------------  ----------  
LUTAR-1  Warning   LUT drives async reset alert                1           
SYNTH-6  Warning   Timing of a RAM block might be sub-optimal  3           

Note: This report is based on the most recent report_methodology run and may not be up-to-date. Run report_methodology on the current design for the latest report.



check_timing report

Table of Contents
-----------------
1. checking no_clock (0)
2. checking constant_clock (0)
3. checking pulse_width_clock (0)
4. checking unconstrained_internal_endpoints (0)
5. checking no_input_delay (9)
6. checking no_output_delay (30)
7. checking multiple_clock (0)
8. checking generated_clocks (0)
9. checking loops (0)
10. checking partial_input_delay (0)
11. checking partial_output_delay (0)
12. checking latch_loops (0)

1. checking no_clock (0)
------------------------
 There are 0 register/latch pins with no clock.


2. checking constant_clock (0)
------------------------------
 There are 0 register/latch pins with constant_clock.


3. checking pulse_width_clock (0)
---------------------------------
 There are 0 register/latch pins which need pulse_width check


4. checking unconstrained_internal_endpoints (0)
------------------------------------------------
 There are 0 pins that are not constrained for maximum delay.

 There are 0 pins that are not constrained for maximum delay due to constant clock.


5. checking no_input_delay (9)
------------------------------
 There are 0 input ports with no input delay specified.

 There are 9 input ports with no input delay but user has a false path constraint. (MEDIUM)


6. checking no_output_delay (30)
--------------------------------
 There are 0 ports with no output delay specified.

 There are 30 ports with no output delay but user has a false path constraint (MEDIUM)

 There are 0 ports with no output delay but with a timing clock defined on it or propagating through it


7. checking multiple_clock (0)
------------------------------
 There are 0 register/latch pins with multiple clocks.


8. checking generated_clocks (0)
--------------------------------
 There are 0 generated clocks that are not connected to a clock source.


9. checking loops (0)
---------------------
 There are 0 combinational loops in the design.


10. checking partial_input_delay (0)
------------------------------------
 There are 0 input ports with partial input delay specified.


11. checking partial_output_delay (0)
-------------------------------------
 There are 0 ports with partial output delay specified.


12. checking latch_loops (0)
----------------------------
 There are 0 combinational latch loops in the design through latch input



------------------------------------------------------------------------------------------------
| Design Timing Summary
| ---------------------
------------------------------------------------------------------------------------------------

    WNS(ns)      TNS(ns)  TNS Failing Endpoints  TNS Total Endpoints      WHS(ns)      THS(ns)  THS Failing Endpoints  THS Total Endpoints     WPWS(ns)     TPWS(ns)  TPWS Failing Endpoints  TPWS Total Endpoints  
    -------      -------  ---------------------  -------------------      -------      -------  ---------------------  -------------------     --------     --------  ----------------------  --------------------  
      0.219        0.000                      0                 4845        0.122        0.000                      0                 4845        3.000        0.000                       0                  1704  


All user specified timing constraints are met.


------------------------------------------------------------------------------------------------
| Clock Summary
| -------------
------------------------------------------------------------------------------------------------

Clock                       Waveform(ns)       Period(ns)      Frequency(MHz)
-----                       ------------       ----------      --------------
sys_clk_pin                 {0.000 5.000}      10.000          100.000         
  clk_out1_pixel_clock_wiz  {0.000 20.000}     40.000          25.000          
  clkfbout_pixel_clock_wiz  {0.000 5.000}      10.000          100.000         


------------------------------------------------------------------------------------------------
| Intra Clock Table
| -----------------
------------------------------------------------------------------------------------------------

Clock                           WNS(ns)      TNS(ns)  TNS Failing Endpoints  TNS Total Endpoints      WHS(ns)      THS(ns)  THS Failing Endpoints  THS Total Endpoints     WPWS(ns)     TPWS(ns)  TPWS Failing Endpoints  TPWS Total Endpoints  
-----                           -------      -------  ---------------------  -------------------      -------      -------  ---------------------  -------------------     --------     --------  ----------------------  --------------------  
sys_clk_pin                       0.219        0.000                      0                 4764        0.122        0.000                      0                 4764        3.000        0.000                       0                  1667  
  clk_out1_pixel_clock_wiz       34.309        0.000                      0                   79        0.122        0.000                      0                   79       19.500        0.000                       0                    34  
  clkfbout_pixel_clock_wiz                                                                                                                                                    7.845        0.000                       0                     3  


------------------------------------------------------------------------------------------------
| Inter Clock Table
| -----------------
------------------------------------------------------------------------------------------------

From Clock    To Clock          WNS(ns)      TNS(ns)  TNS Failing Endpoints  TNS Total Endpoints      WHS(ns)      THS(ns)  THS Failing Endpoints  THS Total Endpoints  
----------    --------          -------      -------  ---------------------  -------------------      -------      -------  ---------------------  -------------------  


------------------------------------------------------------------------------------------------
| Other Path Groups Table
| -----------------------
------------------------------------------------------------------------------------------------

Path Group                From Clock                To Clock                      WNS(ns)      TNS(ns)  TNS Failing Endpoints  TNS Total Endpoints      WHS(ns)      THS(ns)  THS Failing Endpoints  THS Total Endpoints  
----------                ----------                --------                      -------      -------  ---------------------  -------------------      -------      -------  ---------------------  -------------------  
**async_default**         sys_clk_pin               clk_out1_pixel_clock_wiz        4.738        0.000                      0                    2        1.500        0.000                      0                    2  


------------------------------------------------------------------------------------------------
| Timing Details
| --------------
------------------------------------------------------------------------------------------------


---------------------------------------------------------------------------------------------------
From Clock:  sys_clk_pin
  To Clock:  sys_clk_pin

Setup :            0  Failing Endpoints,  Worst Slack        0.219ns,  Total Violation        0.000ns
Hold  :            0  Failing Endpoints,  Worst Slack        0.122ns,  Total Violation        0.000ns
PW    :            0  Failing Endpoints,  Worst Slack        3.000ns,  Total Violation        0.000ns
---------------------------------------------------------------------------------------------------


Max Delay Paths
--------------------------------------------------------------------------------------
Slack (MET) :             0.219ns  (required time - arrival time)
  Source:                 system_inst/cpu_inst/datapath/operand_b_q_reg[2]/C
                            (rising edge-triggered cell FDRE clocked by sys_clk_pin  {rise@0.000ns fall@5.000ns period=10.000ns})
  Destination:            system_inst/cpu_inst/control/fault_q_reg/D
                            (rising edge-triggered cell FDRE clocked by sys_clk_pin  {rise@0.000ns fall@5.000ns period=10.000ns})
  Path Group:             sys_clk_pin
  Path Type:              Setup (Max at Slow Process Corner)
  Requirement:            10.000ns  (sys_clk_pin rise@10.000ns - sys_clk_pin rise@0.000ns)
  Data Path Delay:        9.782ns  (logic 2.803ns (28.655%)  route 6.979ns (71.345%))
  Logic Levels:           13  (CARRY4=3 LUT3=1 LUT4=1 LUT6=8)
  Clock Path Skew:        -0.045ns (DCD - SCD + CPR)
    Destination Clock Delay (DCD):    4.779ns = ( 14.779 - 10.000 ) 
    Source Clock Delay      (SCD):    5.084ns
    Clock Pessimism Removal (CPR):    0.260ns
  Clock Uncertainty:      0.035ns  ((TSJ^2 + TIJ^2)^1/2 + DJ) / 2 + PE
    Total System Jitter     (TSJ):    0.071ns
    Total Input Jitter      (TIJ):    0.000ns
    Discrete Jitter          (DJ):    0.000ns
    Phase Error              (PE):    0.000ns

    Location             Delay type                Incr(ns)  Path(ns)    Netlist Resource(s)
  -------------------------------------------------------------------    -------------------
                         (clock sys_clk_pin rise edge)
                                                      0.000     0.000 r  <hidden>
    W5                                                0.000     0.000 r  clk
                         net (fo=0)                   0.000     0.000    clk
    W5                   IBUF (Prop_ibuf_I_O)         1.458     1.458 r  clk_IBUF_inst/O
                         net (fo=1, routed)           1.967     3.425    clk_IBUF
    BUFGCTRL_X0Y0        BUFG (Prop_bufg_I_O)         0.096     3.521 r  clk_IBUF_BUFG_inst/O
                         net (fo=1666, routed)        1.563     5.084    system_inst/cpu_inst/datapath/clk
    SLICE_X54Y16         FDRE                                         r  system_inst/cpu_inst/datapath/operand_b_q_reg[2]/C
  -------------------------------------------------------------------    -------------------
    SLICE_X54Y16         FDRE (Prop_fdre_C_Q)         0.518     5.602 r  system_inst/cpu_inst/datapath/operand_b_q_reg[2]/Q
                         net (fo=6, routed)           1.414     7.016    system_inst/cpu_inst/datapath/operand_b_q_reg[31]_0[2]
    SLICE_X52Y25         LUT6 (Prop_lut6_I1_O)        0.124     7.140 r  system_inst/cpu_inst/datapath/next_pc_q[31]_i_57/O
                         net (fo=1, routed)           0.000     7.140    system_inst/cpu_inst/datapath/next_pc_q[31]_i_57_n_0
    SLICE_X52Y25         CARRY4 (Prop_carry4_S[0]_CO[3])
                                                      0.513     7.653 r  system_inst/cpu_inst/datapath/next_pc_q_reg[31]_i_36/CO[3]
                         net (fo=1, routed)           0.000     7.653    system_inst/cpu_inst/datapath/next_pc_q_reg[31]_i_36_n_0
    SLICE_X52Y26         CARRY4 (Prop_carry4_CI_CO[3])
                                                      0.117     7.770 r  system_inst/cpu_inst/datapath/next_pc_q_reg[31]_i_18/CO[3]
                         net (fo=1, routed)           0.000     7.770    system_inst/cpu_inst/datapath/next_pc_q_reg[31]_i_18_n_0
    SLICE_X52Y27         CARRY4 (Prop_carry4_CI_CO[2])
                                                      0.229     7.999 f  system_inst/cpu_inst/datapath/next_pc_q_reg[31]_i_12/CO[2]
                         net (fo=1, routed)           0.920     8.919    system_inst/cpu_inst/datapath/data1
    SLICE_X53Y29         LUT6 (Prop_lut6_I3_O)        0.310     9.229 r  system_inst/cpu_inst/datapath/next_pc_q[31]_i_6/O
                         net (fo=2, routed)           0.622     9.851    system_inst/cpu_inst/datapath/next_pc_q[31]_i_6_n_0
    SLICE_X53Y30         LUT4 (Prop_lut4_I0_O)        0.124     9.975 r  system_inst/cpu_inst/datapath/next_pc_q[31]_i_4/O
                         net (fo=34, routed)          0.529    10.504    system_inst/cpu_inst/datapath/next_pc_q[31]_i_4_n_0
    SLICE_X52Y31         LUT3 (Prop_lut3_I1_O)        0.124    10.628 r  system_inst/cpu_inst/datapath/next_pc_q[30]_i_6/O
                         net (fo=1, routed)           0.923    11.551    system_inst/cpu_inst/datapath/execution_alu/next_pc_q_reg[30]_2
    SLICE_X48Y29         LUT6 (Prop_lut6_I5_O)        0.124    11.675 r  system_inst/cpu_inst/datapath/execution_alu/next_pc_q[30]_i_1/O
                         net (fo=2, routed)           0.588    12.263    system_inst/cpu_inst/datapath/execution_alu/kind_reg[0][29]
    SLICE_X50Y29         LUT6 (Prop_lut6_I1_O)        0.124    12.387 r  system_inst/cpu_inst/datapath/execution_alu/FSM_onehot_state_q[9]_i_10/O
                         net (fo=1, routed)           0.547    12.933    system_inst/cpu_inst/datapath/execution_alu/FSM_onehot_state_q[9]_i_10_n_0
    SLICE_X51Y26         LUT6 (Prop_lut6_I2_O)        0.124    13.057 r  system_inst/cpu_inst/datapath/execution_alu/FSM_onehot_state_q[9]_i_6/O
                         net (fo=1, routed)           0.464    13.521    system_inst/cpu_inst/datapath/execution_alu/FSM_onehot_state_q[9]_i_6_n_0
    SLICE_X51Y23         LUT6 (Prop_lut6_I3_O)        0.124    13.645 f  system_inst/cpu_inst/datapath/execution_alu/FSM_onehot_state_q[9]_i_2/O
                         net (fo=6, routed)           0.512    14.157    system_inst/cpu_inst/control/execute_valid
    SLICE_X54Y23         LUT6 (Prop_lut6_I0_O)        0.124    14.281 r  system_inst/cpu_inst/control/fault_q_i_3/O
                         net (fo=1, routed)           0.461    14.742    system_inst/cpu_inst/control/fault_q_i_3_n_0
    SLICE_X52Y22         LUT6 (Prop_lut6_I4_O)        0.124    14.866 r  system_inst/cpu_inst/control/fault_q_i_1/O
                         net (fo=1, routed)           0.000    14.866    system_inst/cpu_inst/control/fault_q_i_1_n_0
    SLICE_X52Y22         FDRE                                         r  system_inst/cpu_inst/control/fault_q_reg/D
  -------------------------------------------------------------------    -------------------

                         (clock sys_clk_pin rise edge)
                                                     10.000    10.000 r  <hidden>
    W5                                                0.000    10.000 r  clk
                         net (fo=0)                   0.000    10.000    clk
    W5                   IBUF (Prop_ibuf_I_O)         1.388    11.388 r  clk_IBUF_inst/O
                         net (fo=1, routed)           1.862    13.250    clk_IBUF
    BUFGCTRL_X0Y0        BUFG (Prop_bufg_I_O)         0.091    13.341 r  clk_IBUF_BUFG_inst/O
                         net (fo=1666, routed)        1.438    14.779    system_inst/cpu_inst/control/clk
    SLICE_X52Y22         FDRE                                         r  system_inst/cpu_inst/control/fault_q_reg/C
                         clock pessimism              0.260    15.039    <hidden>
                         clock uncertainty           -0.035    15.004    <hidden>
    SLICE_X52Y22         FDRE (Setup_fdre_C_D)        0.081    15.085    system_inst/cpu_inst/control/fault_q_reg
  -------------------------------------------------------------------
                         required time                         15.085    <hidden>
                         arrival time                         -14.866    <hidden>
  -------------------------------------------------------------------
                         slack                                  0.219    <hidden>

Slack (MET) :             0.249ns  (required time - arrival time)
  Source:                 system_inst/cpu_inst/datapath/operand_b_q_reg[2]/C
                            (rising edge-triggered cell FDRE clocked by sys_clk_pin  {rise@0.000ns fall@5.000ns period=10.000ns})
  Destination:            system_inst/cpu_inst/control/FSM_onehot_state_q_reg[6]/D
                            (rising edge-triggered cell FDRE clocked by sys_clk_pin  {rise@0.000ns fall@5.000ns period=10.000ns})
  Path Group:             sys_clk_pin
  Path Type:              Setup (Max at Slow Process Corner)
  Requirement:            10.000ns  (sys_clk_pin rise@10.000ns - sys_clk_pin rise@0.000ns)
  Data Path Delay:        9.707ns  (logic 2.803ns (28.877%)  route 6.904ns (71.123%))
  Logic Levels:           13  (CARRY4=3 LUT3=3 LUT4=1 LUT6=6)
  Clock Path Skew:        -0.041ns (DCD - SCD + CPR)
    Destination Clock Delay (DCD):    4.783ns = ( 14.783 - 10.000 ) 
    Source Clock Delay      (SCD):    5.084ns
    Clock Pessimism Removal (CPR):    0.260ns
  Clock Uncertainty:      0.035ns  ((TSJ^2 + TIJ^2)^1/2 + DJ) / 2 + PE
    Total System Jitter     (TSJ):    0.071ns
    Total Input Jitter      (TIJ):    0.000ns
    Discrete Jitter          (DJ):    0.000ns
    Phase Error              (PE):    0.000ns

    Location             Delay type                Incr(ns)  Path(ns)    Netlist Resource(s)
  -------------------------------------------------------------------    -------------------
                         (clock sys_clk_pin rise edge)
                                                      0.000     0.000 r  <hidden>
    W5                                                0.000     0.000 r  clk
                         net (fo=0)                   0.000     0.000    clk
    W5                   IBUF (Prop_ibuf_I_O)         1.458     1.458 r  clk_IBUF_inst/O
                         net (fo=1, routed)           1.967     3.425    clk_IBUF
    BUFGCTRL_X0Y0        BUFG (Prop_bufg_I_O)         0.096     3.521 r  clk_IBUF_BUFG_inst/O
                         net (fo=1666, routed)        1.563     5.084    system_inst/cpu_inst/datapath/clk
    SLICE_X54Y16         FDRE                                         r  system_inst/cpu_inst/datapath/operand_b_q_reg[2]/C
  -------------------------------------------------------------------    -------------------
    SLICE_X54Y16         FDRE (Prop_fdre_C_Q)         0.518     5.602 r  system_inst/cpu_inst/datapath/operand_b_q_reg[2]/Q
                         net (fo=6, routed)           1.414     7.016    system_inst/cpu_inst/datapath/operand_b_q_reg[31]_0[2]
    SLICE_X52Y25         LUT6 (Prop_lut6_I1_O)        0.124     7.140 r  system_inst/cpu_inst/datapath/next_pc_q[31]_i_57/O
                         net (fo=1, routed)           0.000     7.140    system_inst/cpu_inst/datapath/next_pc_q[31]_i_57_n_0
    SLICE_X52Y25         CARRY4 (Prop_carry4_S[0]_CO[3])
                                                      0.513     7.653 r  system_inst/cpu_inst/datapath/next_pc_q_reg[31]_i_36/CO[3]
                         net (fo=1, routed)           0.000     7.653    system_inst/cpu_inst/datapath/next_pc_q_reg[31]_i_36_n_0
    SLICE_X52Y26         CARRY4 (Prop_carry4_CI_CO[3])
                                                      0.117     7.770 r  system_inst/cpu_inst/datapath/next_pc_q_reg[31]_i_18/CO[3]
                         net (fo=1, routed)           0.000     7.770    system_inst/cpu_inst/datapath/next_pc_q_reg[31]_i_18_n_0
    SLICE_X52Y27         CARRY4 (Prop_carry4_CI_CO[2])
                                                      0.229     7.999 f  system_inst/cpu_inst/datapath/next_pc_q_reg[31]_i_12/CO[2]
                         net (fo=1, routed)           0.920     8.919    system_inst/cpu_inst/datapath/data1
    SLICE_X53Y29         LUT6 (Prop_lut6_I3_O)        0.310     9.229 r  system_inst/cpu_inst/datapath/next_pc_q[31]_i_6/O
                         net (fo=2, routed)           0.622     9.851    system_inst/cpu_inst/datapath/next_pc_q[31]_i_6_n_0
    SLICE_X53Y30         LUT4 (Prop_lut4_I0_O)        0.124     9.975 r  system_inst/cpu_inst/datapath/next_pc_q[31]_i_4/O
                         net (fo=34, routed)          0.529    10.504    system_inst/cpu_inst/datapath/next_pc_q[31]_i_4_n_0
    SLICE_X52Y31         LUT3 (Prop_lut3_I1_O)        0.124    10.628 f  system_inst/cpu_inst/datapath/next_pc_q[30]_i_6/O
                         net (fo=1, routed)           0.923    11.551    system_inst/cpu_inst/datapath/execution_alu/next_pc_q_reg[30]_2
    SLICE_X48Y29         LUT6 (Prop_lut6_I5_O)        0.124    11.675 f  system_inst/cpu_inst/datapath/execution_alu/next_pc_q[30]_i_1/O
                         net (fo=2, routed)           0.588    12.263    system_inst/cpu_inst/datapath/execution_alu/kind_reg[0][29]
    SLICE_X50Y29         LUT6 (Prop_lut6_I1_O)        0.124    12.387 f  system_inst/cpu_inst/datapath/execution_alu/FSM_onehot_state_q[9]_i_10/O
                         net (fo=1, routed)           0.547    12.933    system_inst/cpu_inst/datapath/execution_alu/FSM_onehot_state_q[9]_i_10_n_0
    SLICE_X51Y26         LUT6 (Prop_lut6_I2_O)        0.124    13.057 f  system_inst/cpu_inst/datapath/execution_alu/FSM_onehot_state_q[9]_i_6/O
                         net (fo=1, routed)           0.464    13.521    system_inst/cpu_inst/datapath/execution_alu/FSM_onehot_state_q[9]_i_6_n_0
    SLICE_X51Y23         LUT6 (Prop_lut6_I3_O)        0.124    13.645 r  system_inst/cpu_inst/datapath/execution_alu/FSM_onehot_state_q[9]_i_2/O
                         net (fo=6, routed)           0.485    14.131    system_inst/cpu_inst/control/execute_valid
    SLICE_X51Y19         LUT3 (Prop_lut3_I2_O)        0.124    14.255 r  system_inst/cpu_inst/control/FSM_onehot_state_q[8]_i_2/O
                         net (fo=2, routed)           0.412    14.667    system_inst/cpu_inst/control/FSM_onehot_state_q[8]_i_2_n_0
    SLICE_X51Y18         LUT3 (Prop_lut3_I0_O)        0.124    14.791 r  system_inst/cpu_inst/control/FSM_onehot_state_q[6]_i_1/O
                         net (fo=1, routed)           0.000    14.791    system_inst/cpu_inst/control/FSM_onehot_state_q[6]_i_1_n_0
    SLICE_X51Y18         FDRE                                         r  system_inst/cpu_inst/control/FSM_onehot_state_q_reg[6]/D
  -------------------------------------------------------------------    -------------------

                         (clock sys_clk_pin rise edge)
                                                     10.000    10.000 r  <hidden>
    W5                                                0.000    10.000 r  clk
                         net (fo=0)                   0.000    10.000    clk
    W5                   IBUF (Prop_ibuf_I_O)         1.388    11.388 r  clk_IBUF_inst/O
                         net (fo=1, routed)           1.862    13.250    clk_IBUF
    BUFGCTRL_X0Y0        BUFG (Prop_bufg_I_O)         0.091    13.341 r  clk_IBUF_BUFG_inst/O
                         net (fo=1666, routed)        1.442    14.783    system_inst/cpu_inst/control/clk
    SLICE_X51Y18         FDRE                                         r  system_inst/cpu_inst/control/FSM_onehot_state_q_reg[6]/C
                         clock pessimism              0.260    15.043    <hidden>
                         clock uncertainty           -0.035    15.008    <hidden>
    SLICE_X51Y18         FDRE (Setup_fdre_C_D)        0.032    15.040    system_inst/cpu_inst/control/FSM_onehot_state_q_reg[6]
  -------------------------------------------------------------------
                         required time                         15.040    <hidden>
                         arrival time                         -14.791    <hidden>
  -------------------------------------------------------------------
                         slack                                  0.249    <hidden>

Slack (MET) :             0.299ns  (required time - arrival time)
  Source:                 system_inst/cpu_inst/datapath/operand_b_q_reg[2]/C
                            (rising edge-triggered cell FDRE clocked by sys_clk_pin  {rise@0.000ns fall@5.000ns period=10.000ns})
  Destination:            system_inst/cpu_inst/control/FSM_onehot_state_q_reg[8]/D
                            (rising edge-triggered cell FDRE clocked by sys_clk_pin  {rise@0.000ns fall@5.000ns period=10.000ns})
  Path Group:             sys_clk_pin
  Path Type:              Setup (Max at Slow Process Corner)
  Requirement:            10.000ns  (sys_clk_pin rise@10.000ns - sys_clk_pin rise@0.000ns)
  Data Path Delay:        9.700ns  (logic 2.796ns (28.826%)  route 6.904ns (71.174%))
  Logic Levels:           13  (CARRY4=3 LUT3=2 LUT4=1 LUT5=1 LUT6=6)
  Clock Path Skew:        -0.041ns (DCD - SCD + CPR)
    Destination Clock Delay (DCD):    4.783ns = ( 14.783 - 10.000 ) 
    Source Clock Delay      (SCD):    5.084ns
    Clock Pessimism Removal (CPR):    0.260ns
  Clock Uncertainty:      0.035ns  ((TSJ^2 + TIJ^2)^1/2 + DJ) / 2 + PE
    Total System Jitter     (TSJ):    0.071ns
    Total Input Jitter      (TIJ):    0.000ns
    Discrete Jitter          (DJ):    0.000ns
    Phase Error              (PE):    0.000ns

    Location             Delay type                Incr(ns)  Path(ns)    Netlist Resource(s)
  -------------------------------------------------------------------    -------------------
                         (clock sys_clk_pin rise edge)
                                                      0.000     0.000 r  <hidden>
    W5                                                0.000     0.000 r  clk
                         net (fo=0)                   0.000     0.000    clk
    W5                   IBUF (Prop_ibuf_I_O)         1.458     1.458 r  clk_IBUF_inst/O
                         net (fo=1, routed)           1.967     3.425    clk_IBUF
    BUFGCTRL_X0Y0        BUFG (Prop_bufg_I_O)         0.096     3.521 r  clk_IBUF_BUFG_inst/O
                         net (fo=1666, routed)        1.563     5.084    system_inst/cpu_inst/datapath/clk
    SLICE_X54Y16         FDRE                                         r  system_inst/cpu_inst/datapath/operand_b_q_reg[2]/C
  -------------------------------------------------------------------    -------------------
    SLICE_X54Y16         FDRE (Prop_fdre_C_Q)         0.518     5.602 r  system_inst/cpu_inst/datapath/operand_b_q_reg[2]/Q
                         net (fo=6, routed)           1.414     7.016    system_inst/cpu_inst/datapath/operand_b_q_reg[31]_0[2]
    SLICE_X52Y25         LUT6 (Prop_lut6_I1_O)        0.124     7.140 r  system_inst/cpu_inst/datapath/next_pc_q[31]_i_57/O
                         net (fo=1, routed)           0.000     7.140    system_inst/cpu_inst/datapath/next_pc_q[31]_i_57_n_0
    SLICE_X52Y25         CARRY4 (Prop_carry4_S[0]_CO[3])
                                                      0.513     7.653 r  system_inst/cpu_inst/datapath/next_pc_q_reg[31]_i_36/CO[3]
                         net (fo=1, routed)           0.000     7.653    system_inst/cpu_inst/datapath/next_pc_q_reg[31]_i_36_n_0
    SLICE_X52Y26         CARRY4 (Prop_carry4_CI_CO[3])
                                                      0.117     7.770 r  system_inst/cpu_inst/datapath/next_pc_q_reg[31]_i_18/CO[3]
                         net (fo=1, routed)           0.000     7.770    system_inst/cpu_inst/datapath/next_pc_q_reg[31]_i_18_n_0
    SLICE_X52Y27         CARRY4 (Prop_carry4_CI_CO[2])
                                                      0.229     7.999 f  system_inst/cpu_inst/datapath/next_pc_q_reg[31]_i_12/CO[2]
                         net (fo=1, routed)           0.920     8.919    system_inst/cpu_inst/datapath/data1
    SLICE_X53Y29         LUT6 (Prop_lut6_I3_O)        0.310     9.229 r  system_inst/cpu_inst/datapath/next_pc_q[31]_i_6/O
                         net (fo=2, routed)           0.622     9.851    system_inst/cpu_inst/datapath/next_pc_q[31]_i_6_n_0
    SLICE_X53Y30         LUT4 (Prop_lut4_I0_O)        0.124     9.975 r  system_inst/cpu_inst/datapath/next_pc_q[31]_i_4/O
                         net (fo=34, routed)          0.529    10.504    system_inst/cpu_inst/datapath/next_pc_q[31]_i_4_n_0
    SLICE_X52Y31         LUT3 (Prop_lut3_I1_O)        0.124    10.628 f  system_inst/cpu_inst/datapath/next_pc_q[30]_i_6/O
                         net (fo=1, routed)           0.923    11.551    system_inst/cpu_inst/datapath/execution_alu/next_pc_q_reg[30]_2
    SLICE_X48Y29         LUT6 (Prop_lut6_I5_O)        0.124    11.675 f  system_inst/cpu_inst/datapath/execution_alu/next_pc_q[30]_i_1/O
                         net (fo=2, routed)           0.588    12.263    system_inst/cpu_inst/datapath/execution_alu/kind_reg[0][29]
    SLICE_X50Y29         LUT6 (Prop_lut6_I1_O)        0.124    12.387 f  system_inst/cpu_inst/datapath/execution_alu/FSM_onehot_state_q[9]_i_10/O
                         net (fo=1, routed)           0.547    12.933    system_inst/cpu_inst/datapath/execution_alu/FSM_onehot_state_q[9]_i_10_n_0
    SLICE_X51Y26         LUT6 (Prop_lut6_I2_O)        0.124    13.057 f  system_inst/cpu_inst/datapath/execution_alu/FSM_onehot_state_q[9]_i_6/O
                         net (fo=1, routed)           0.464    13.521    system_inst/cpu_inst/datapath/execution_alu/FSM_onehot_state_q[9]_i_6_n_0
    SLICE_X51Y23         LUT6 (Prop_lut6_I3_O)        0.124    13.645 r  system_inst/cpu_inst/datapath/execution_alu/FSM_onehot_state_q[9]_i_2/O
                         net (fo=6, routed)           0.485    14.131    system_inst/cpu_inst/control/execute_valid
    SLICE_X51Y19         LUT3 (Prop_lut3_I2_O)        0.124    14.255 r  system_inst/cpu_inst/control/FSM_onehot_state_q[8]_i_2/O
                         net (fo=2, routed)           0.412    14.667    system_inst/cpu_inst/control/FSM_onehot_state_q[8]_i_2_n_0
    SLICE_X51Y18         LUT5 (Prop_lut5_I4_O)        0.117    14.784 r  system_inst/cpu_inst/control/FSM_onehot_state_q[8]_i_1/O
                         net (fo=1, routed)           0.000    14.784    system_inst/cpu_inst/control/FSM_onehot_state_q[8]_i_1_n_0
    SLICE_X51Y18         FDRE                                         r  system_inst/cpu_inst/control/FSM_onehot_state_q_reg[8]/D
  -------------------------------------------------------------------    -------------------

                         (clock sys_clk_pin rise edge)
                                                     10.000    10.000 r  <hidden>
    W5                                                0.000    10.000 r  clk
                         net (fo=0)                   0.000    10.000    clk
    W5                   IBUF (Prop_ibuf_I_O)         1.388    11.388 r  clk_IBUF_inst/O
                         net (fo=1, routed)           1.862    13.250    clk_IBUF
    BUFGCTRL_X0Y0        BUFG (Prop_bufg_I_O)         0.091    13.341 r  clk_IBUF_BUFG_inst/O
                         net (fo=1666, routed)        1.442    14.783    system_inst/cpu_inst/control/clk
    SLICE_X51Y18         FDRE                                         r  system_inst/cpu_inst/control/FSM_onehot_state_q_reg[8]/C
                         clock pessimism              0.260    15.043    <hidden>
                         clock uncertainty           -0.035    15.008    <hidden>
    SLICE_X51Y18         FDRE (Setup_fdre_C_D)        0.075    15.083    system_inst/cpu_inst/control/FSM_onehot_state_q_reg[8]
  -------------------------------------------------------------------
                         required time                         15.083    <hidden>
                         arrival time                         -14.784    <hidden>
  -------------------------------------------------------------------
                         slack                                  0.299    <hidden>

Slack (MET) :             0.594ns  (required time - arrival time)
  Source:                 system_inst/cpu_inst/datapath/operand_b_q_reg[2]/C
                            (rising edge-triggered cell FDRE clocked by sys_clk_pin  {rise@0.000ns fall@5.000ns period=10.000ns})
  Destination:            system_inst/cpu_inst/control/FSM_onehot_state_q_reg[4]/D
                            (rising edge-triggered cell FDRE clocked by sys_clk_pin  {rise@0.000ns fall@5.000ns period=10.000ns})
  Path Group:             sys_clk_pin
  Path Type:              Setup (Max at Slow Process Corner)
  Requirement:            10.000ns  (sys_clk_pin rise@10.000ns - sys_clk_pin rise@0.000ns)
  Data Path Delay:        9.374ns  (logic 2.679ns (28.578%)  route 6.695ns (71.422%))
  Logic Levels:           12  (CARRY4=3 LUT3=1 LUT4=1 LUT5=1 LUT6=6)
  Clock Path Skew:        -0.027ns (DCD - SCD + CPR)
    Destination Clock Delay (DCD):    4.783ns = ( 14.783 - 10.000 ) 
    Source Clock Delay      (SCD):    5.084ns
    Clock Pessimism Removal (CPR):    0.274ns
  Clock Uncertainty:      0.035ns  ((TSJ^2 + TIJ^2)^1/2 + DJ) / 2 + PE
    Total System Jitter     (TSJ):    0.071ns
    Total Input Jitter      (TIJ):    0.000ns
    Discrete Jitter          (DJ):    0.000ns
    Phase Error              (PE):    0.000ns

    Location             Delay type                Incr(ns)  Path(ns)    Netlist Resource(s)
  -------------------------------------------------------------------    -------------------
                         (clock sys_clk_pin rise edge)
                                                      0.000     0.000 r  <hidden>
    W5                                                0.000     0.000 r  clk
                         net (fo=0)                   0.000     0.000    clk
    W5                   IBUF (Prop_ibuf_I_O)         1.458     1.458 r  clk_IBUF_inst/O
                         net (fo=1, routed)           1.967     3.425    clk_IBUF
    BUFGCTRL_X0Y0        BUFG (Prop_bufg_I_O)         0.096     3.521 r  clk_IBUF_BUFG_inst/O
                         net (fo=1666, routed)        1.563     5.084    system_inst/cpu_inst/datapath/clk
    SLICE_X54Y16         FDRE                                         r  system_inst/cpu_inst/datapath/operand_b_q_reg[2]/C
  -------------------------------------------------------------------    -------------------
    SLICE_X54Y16         FDRE (Prop_fdre_C_Q)         0.518     5.602 r  system_inst/cpu_inst/datapath/operand_b_q_reg[2]/Q
                         net (fo=6, routed)           1.414     7.016    system_inst/cpu_inst/datapath/operand_b_q_reg[31]_0[2]
    SLICE_X52Y25         LUT6 (Prop_lut6_I1_O)        0.124     7.140 r  system_inst/cpu_inst/datapath/next_pc_q[31]_i_57/O
                         net (fo=1, routed)           0.000     7.140    system_inst/cpu_inst/datapath/next_pc_q[31]_i_57_n_0
    SLICE_X52Y25         CARRY4 (Prop_carry4_S[0]_CO[3])
                                                      0.513     7.653 r  system_inst/cpu_inst/datapath/next_pc_q_reg[31]_i_36/CO[3]
                         net (fo=1, routed)           0.000     7.653    system_inst/cpu_inst/datapath/next_pc_q_reg[31]_i_36_n_0
    SLICE_X52Y26         CARRY4 (Prop_carry4_CI_CO[3])
                                                      0.117     7.770 r  system_inst/cpu_inst/datapath/next_pc_q_reg[31]_i_18/CO[3]
                         net (fo=1, routed)           0.000     7.770    system_inst/cpu_inst/datapath/next_pc_q_reg[31]_i_18_n_0
    SLICE_X52Y27         CARRY4 (Prop_carry4_CI_CO[2])
                                                      0.229     7.999 f  system_inst/cpu_inst/datapath/next_pc_q_reg[31]_i_12/CO[2]
                         net (fo=1, routed)           0.920     8.919    system_inst/cpu_inst/datapath/data1
    SLICE_X53Y29         LUT6 (Prop_lut6_I3_O)        0.310     9.229 r  system_inst/cpu_inst/datapath/next_pc_q[31]_i_6/O
                         net (fo=2, routed)           0.622     9.851    system_inst/cpu_inst/datapath/next_pc_q[31]_i_6_n_0
    SLICE_X53Y30         LUT4 (Prop_lut4_I0_O)        0.124     9.975 r  system_inst/cpu_inst/datapath/next_pc_q[31]_i_4/O
                         net (fo=34, routed)          0.529    10.504    system_inst/cpu_inst/datapath/next_pc_q[31]_i_4_n_0
    SLICE_X52Y31         LUT3 (Prop_lut3_I1_O)        0.124    10.628 f  system_inst/cpu_inst/datapath/next_pc_q[30]_i_6/O
                         net (fo=1, routed)           0.923    11.551    system_inst/cpu_inst/datapath/execution_alu/next_pc_q_reg[30]_2
    SLICE_X48Y29         LUT6 (Prop_lut6_I5_O)        0.124    11.675 f  system_inst/cpu_inst/datapath/execution_alu/next_pc_q[30]_i_1/O
                         net (fo=2, routed)           0.588    12.263    system_inst/cpu_inst/datapath/execution_alu/kind_reg[0][29]
    SLICE_X50Y29         LUT6 (Prop_lut6_I1_O)        0.124    12.387 f  system_inst/cpu_inst/datapath/execution_alu/FSM_onehot_state_q[9]_i_10/O
                         net (fo=1, routed)           0.547    12.933    system_inst/cpu_inst/datapath/execution_alu/FSM_onehot_state_q[9]_i_10_n_0
    SLICE_X51Y26         LUT6 (Prop_lut6_I2_O)        0.124    13.057 f  system_inst/cpu_inst/datapath/execution_alu/FSM_onehot_state_q[9]_i_6/O
                         net (fo=1, routed)           0.464    13.521    system_inst/cpu_inst/datapath/execution_alu/FSM_onehot_state_q[9]_i_6_n_0
    SLICE_X51Y23         LUT6 (Prop_lut6_I3_O)        0.124    13.645 r  system_inst/cpu_inst/datapath/execution_alu/FSM_onehot_state_q[9]_i_2/O
                         net (fo=6, routed)           0.689    14.335    system_inst/cpu_inst/datapath/execution_alu/execute_valid
    SLICE_X55Y18         LUT5 (Prop_lut5_I0_O)        0.124    14.459 r  system_inst/cpu_inst/datapath/execution_alu/FSM_onehot_state_q[4]_i_1/O
                         net (fo=1, routed)           0.000    14.459    system_inst/cpu_inst/control/FSM_onehot_state_q_reg[4]_0[1]
    SLICE_X55Y18         FDRE                                         r  system_inst/cpu_inst/control/FSM_onehot_state_q_reg[4]/D
  -------------------------------------------------------------------    -------------------

                         (clock sys_clk_pin rise edge)
                                                     10.000    10.000 r  <hidden>
    W5                                                0.000    10.000 r  clk
                         net (fo=0)                   0.000    10.000    clk
    W5                   IBUF (Prop_ibuf_I_O)         1.388    11.388 r  clk_IBUF_inst/O
                         net (fo=1, routed)           1.862    13.250    clk_IBUF
    BUFGCTRL_X0Y0        BUFG (Prop_bufg_I_O)         0.091    13.341 r  clk_IBUF_BUFG_inst/O
                         net (fo=1666, routed)        1.442    14.783    system_inst/cpu_inst/control/clk
    SLICE_X55Y18         FDRE                                         r  system_inst/cpu_inst/control/FSM_onehot_state_q_reg[4]/C
                         clock pessimism              0.274    15.057    <hidden>
                         clock uncertainty           -0.035    15.022    <hidden>
    SLICE_X55Y18         FDRE (Setup_fdre_C_D)        0.031    15.053    system_inst/cpu_inst/control/FSM_onehot_state_q_reg[4]
  -------------------------------------------------------------------
                         required time                         15.053    <hidden>
                         arrival time                         -14.459    <hidden>
  -------------------------------------------------------------------
                         slack                                  0.594    <hidden>

Slack (MET) :             0.751ns  (required time - arrival time)
  Source:                 reset_pipe_q_reg[1]/C
                            (rising edge-triggered cell FDRE clocked by sys_clk_pin  {rise@0.000ns fall@5.000ns period=10.000ns})
  Destination:            system_inst/mmio_inst/buzzer_inst/duration_count_reg[10]/R
                            (rising edge-triggered cell FDRE clocked by sys_clk_pin  {rise@0.000ns fall@5.000ns period=10.000ns})
  Path Group:             sys_clk_pin
  Path Type:              Setup (Max at Slow Process Corner)
  Requirement:            10.000ns  (sys_clk_pin rise@10.000ns - sys_clk_pin rise@0.000ns)
  Data Path Delay:        8.744ns  (logic 2.064ns (23.604%)  route 6.680ns (76.396%))
  Logic Levels:           10  (LUT2=1 LUT3=1 LUT4=3 LUT5=5)
  Clock Path Skew:        -0.040ns (DCD - SCD + CPR)
    Destination Clock Delay (DCD):    4.787ns = ( 14.787 - 10.000 ) 
    Source Clock Delay      (SCD):    5.087ns
    Clock Pessimism Removal (CPR):    0.260ns
  Clock Uncertainty:      0.035ns  ((TSJ^2 + TIJ^2)^1/2 + DJ) / 2 + PE
    Total System Jitter     (TSJ):    0.071ns
    Total Input Jitter      (TIJ):    0.000ns
    Discrete Jitter          (DJ):    0.000ns
    Phase Error              (PE):    0.000ns

    Location             Delay type                Incr(ns)  Path(ns)    Netlist Resource(s)
  -------------------------------------------------------------------    -------------------
                         (clock sys_clk_pin rise edge)
                                                      0.000     0.000 r  <hidden>
    W5                                                0.000     0.000 r  clk
                         net (fo=0)                   0.000     0.000    clk
    W5                   IBUF (Prop_ibuf_I_O)         1.458     1.458 r  clk_IBUF_inst/O
                         net (fo=1, routed)           1.967     3.425    clk_IBUF
    BUFGCTRL_X0Y0        BUFG (Prop_bufg_I_O)         0.096     3.521 r  clk_IBUF_BUFG_inst/O
                         net (fo=1666, routed)        1.566     5.087    clk_IBUF_BUFG
    SLICE_X57Y13         FDRE                                         r  reset_pipe_q_reg[1]/C
  -------------------------------------------------------------------    -------------------
    SLICE_X57Y13         FDRE (Prop_fdre_C_Q)         0.419     5.506 r  reset_pipe_q_reg[1]/Q
                         net (fo=1517, routed)        1.187     6.693    system_inst/cpu_inst/control/out[0]
    SLICE_X55Y18         LUT5 (Prop_lut5_I3_O)        0.327     7.020 r  system_inst/cpu_inst/control/memory_reg_i_44/O
                         net (fo=41, routed)          0.515     7.535    system_inst/cpu_inst/datapath/memory_reg_1
    SLICE_X55Y21         LUT5 (Prop_lut5_I3_O)        0.326     7.861 f  system_inst/cpu_inst/datapath/read_sel_q[0]_i_5/O
                         net (fo=1, routed)           0.673     8.534    system_inst/cpu_inst/datapath/read_sel_q[0]_i_5_n_0
    SLICE_X56Y21         LUT4 (Prop_lut4_I0_O)        0.124     8.658 f  system_inst/cpu_inst/datapath/read_sel_q[0]_i_4/O
                         net (fo=2, routed)           0.579     9.237    system_inst/cpu_inst/datapath/read_sel_q[0]_i_4_n_0
    SLICE_X55Y18         LUT5 (Prop_lut5_I4_O)        0.124     9.361 f  system_inst/cpu_inst/datapath/read_sel_q[2]_i_8/O
                         net (fo=3, routed)           0.577     9.938    system_inst/cpu_inst/datapath/read_sel_q[2]_i_8_n_0
    SLICE_X56Y18         LUT4 (Prop_lut4_I1_O)        0.124    10.062 f  system_inst/cpu_inst/datapath/read_sel_q[2]_i_10/O
                         net (fo=2, routed)           0.452    10.514    system_inst/cpu_inst/datapath/read_sel_q[2]_i_10_n_0
    SLICE_X57Y16         LUT4 (Prop_lut4_I3_O)        0.124    10.638 f  system_inst/cpu_inst/datapath/read_sel_q[2]_i_7/O
                         net (fo=4, routed)           0.436    11.074    system_inst/cpu_inst/datapath/alu_result_q_reg[6]_0
    SLICE_X56Y15         LUT3 (Prop_lut3_I0_O)        0.124    11.198 f  system_inst/cpu_inst/datapath/note_q[1]_i_5/O
                         net (fo=1, routed)           0.567    11.765    system_inst/cpu_inst/control/note_q_reg[0]
    SLICE_X55Y15         LUT5 (Prop_lut5_I4_O)        0.124    11.889 f  system_inst/cpu_inst/control/note_q[1]_i_3/O
                         net (fo=4, routed)           0.424    12.313    system_inst/mmio_inst/buzzer_inst/note_q_reg[0]_0
    SLICE_X55Y15         LUT2 (Prop_lut2_I1_O)        0.124    12.437 r  system_inst/mmio_inst/buzzer_inst/duration_count[0]_i_3/O
                         net (fo=3, routed)           0.374    12.811    system_inst/mmio_inst/buzzer_inst/duration_count[0]_i_3_n_0
    SLICE_X54Y15         LUT5 (Prop_lut5_I0_O)        0.124    12.935 r  system_inst/mmio_inst/buzzer_inst/duration_count[0]_i_1/O
                         net (fo=26, routed)          0.897    13.832    system_inst/mmio_inst/buzzer_inst/duration_count[0]_i_1_n_0
    SLICE_X48Y13         FDRE                                         r  system_inst/mmio_inst/buzzer_inst/duration_count_reg[10]/R
  -------------------------------------------------------------------    -------------------

                         (clock sys_clk_pin rise edge)
                                                     10.000    10.000 r  <hidden>
    W5                                                0.000    10.000 r  clk
                         net (fo=0)                   0.000    10.000    clk
    W5                   IBUF (Prop_ibuf_I_O)         1.388    11.388 r  clk_IBUF_inst/O
                         net (fo=1, routed)           1.862    13.250    clk_IBUF
    BUFGCTRL_X0Y0        BUFG (Prop_bufg_I_O)         0.091    13.341 r  clk_IBUF_BUFG_inst/O
                         net (fo=1666, routed)        1.446    14.787    system_inst/mmio_inst/buzzer_inst/clk
    SLICE_X48Y13         FDRE                                         r  system_inst/mmio_inst/buzzer_inst/duration_count_reg[10]/C
                         clock pessimism              0.260    15.047    <hidden>
                         clock uncertainty           -0.035    15.012    <hidden>
    SLICE_X48Y13         FDRE (Setup_fdre_C_R)       -0.429    14.583    system_inst/mmio_inst/buzzer_inst/duration_count_reg[10]
  -------------------------------------------------------------------
                         required time                         14.583    <hidden>
                         arrival time                         -13.832    <hidden>
  -------------------------------------------------------------------
                         slack                                  0.751    <hidden>

Slack (MET) :             0.751ns  (required time - arrival time)
  Source:                 reset_pipe_q_reg[1]/C
                            (rising edge-triggered cell FDRE clocked by sys_clk_pin  {rise@0.000ns fall@5.000ns period=10.000ns})
  Destination:            system_inst/mmio_inst/buzzer_inst/duration_count_reg[11]/R
                            (rising edge-triggered cell FDRE clocked by sys_clk_pin  {rise@0.000ns fall@5.000ns period=10.000ns})
  Path Group:             sys_clk_pin
  Path Type:              Setup (Max at Slow Process Corner)
  Requirement:            10.000ns  (sys_clk_pin rise@10.000ns - sys_clk_pin rise@0.000ns)
  Data Path Delay:        8.744ns  (logic 2.064ns (23.604%)  route 6.680ns (76.396%))
  Logic Levels:           10  (LUT2=1 LUT3=1 LUT4=3 LUT5=5)
  Clock Path Skew:        -0.040ns (DCD - SCD + CPR)
    Destination Clock Delay (DCD):    4.787ns = ( 14.787 - 10.000 ) 
    Source Clock Delay      (SCD):    5.087ns
    Clock Pessimism Removal (CPR):    0.260ns
  Clock Uncertainty:      0.035ns  ((TSJ^2 + TIJ^2)^1/2 + DJ) / 2 + PE
    Total System Jitter     (TSJ):    0.071ns
    Total Input Jitter      (TIJ):    0.000ns
    Discrete Jitter          (DJ):    0.000ns
    Phase Error              (PE):    0.000ns

    Location             Delay type                Incr(ns)  Path(ns)    Netlist Resource(s)
  -------------------------------------------------------------------    -------------------
                         (clock sys_clk_pin rise edge)
                                                      0.000     0.000 r  <hidden>
    W5                                                0.000     0.000 r  clk
                         net (fo=0)                   0.000     0.000    clk
    W5                   IBUF (Prop_ibuf_I_O)         1.458     1.458 r  clk_IBUF_inst/O
                         net (fo=1, routed)           1.967     3.425    clk_IBUF
    BUFGCTRL_X0Y0        BUFG (Prop_bufg_I_O)         0.096     3.521 r  clk_IBUF_BUFG_inst/O
                         net (fo=1666, routed)        1.566     5.087    clk_IBUF_BUFG
    SLICE_X57Y13         FDRE                                         r  reset_pipe_q_reg[1]/C
  -------------------------------------------------------------------    -------------------
    SLICE_X57Y13         FDRE (Prop_fdre_C_Q)         0.419     5.506 r  reset_pipe_q_reg[1]/Q
                         net (fo=1517, routed)        1.187     6.693    system_inst/cpu_inst/control/out[0]
    SLICE_X55Y18         LUT5 (Prop_lut5_I3_O)        0.327     7.020 r  system_inst/cpu_inst/control/memory_reg_i_44/O
                         net (fo=41, routed)          0.515     7.535    system_inst/cpu_inst/datapath/memory_reg_1
    SLICE_X55Y21         LUT5 (Prop_lut5_I3_O)        0.326     7.861 f  system_inst/cpu_inst/datapath/read_sel_q[0]_i_5/O
                         net (fo=1, routed)           0.673     8.534    system_inst/cpu_inst/datapath/read_sel_q[0]_i_5_n_0
    SLICE_X56Y21         LUT4 (Prop_lut4_I0_O)        0.124     8.658 f  system_inst/cpu_inst/datapath/read_sel_q[0]_i_4/O
                         net (fo=2, routed)           0.579     9.237    system_inst/cpu_inst/datapath/read_sel_q[0]_i_4_n_0
    SLICE_X55Y18         LUT5 (Prop_lut5_I4_O)        0.124     9.361 f  system_inst/cpu_inst/datapath/read_sel_q[2]_i_8/O
                         net (fo=3, routed)           0.577     9.938    system_inst/cpu_inst/datapath/read_sel_q[2]_i_8_n_0
    SLICE_X56Y18         LUT4 (Prop_lut4_I1_O)        0.124    10.062 f  system_inst/cpu_inst/datapath/read_sel_q[2]_i_10/O
                         net (fo=2, routed)           0.452    10.514    system_inst/cpu_inst/datapath/read_sel_q[2]_i_10_n_0
    SLICE_X57Y16         LUT4 (Prop_lut4_I3_O)        0.124    10.638 f  system_inst/cpu_inst/datapath/read_sel_q[2]_i_7/O
                         net (fo=4, routed)           0.436    11.074    system_inst/cpu_inst/datapath/alu_result_q_reg[6]_0
    SLICE_X56Y15         LUT3 (Prop_lut3_I0_O)        0.124    11.198 f  system_inst/cpu_inst/datapath/note_q[1]_i_5/O
                         net (fo=1, routed)           0.567    11.765    system_inst/cpu_inst/control/note_q_reg[0]
    SLICE_X55Y15         LUT5 (Prop_lut5_I4_O)        0.124    11.889 f  system_inst/cpu_inst/control/note_q[1]_i_3/O
                         net (fo=4, routed)           0.424    12.313    system_inst/mmio_inst/buzzer_inst/note_q_reg[0]_0
    SLICE_X55Y15         LUT2 (Prop_lut2_I1_O)        0.124    12.437 r  system_inst/mmio_inst/buzzer_inst/duration_count[0]_i_3/O
                         net (fo=3, routed)           0.374    12.811    system_inst/mmio_inst/buzzer_inst/duration_count[0]_i_3_n_0
    SLICE_X54Y15         LUT5 (Prop_lut5_I0_O)        0.124    12.935 r  system_inst/mmio_inst/buzzer_inst/duration_count[0]_i_1/O
                         net (fo=26, routed)          0.897    13.832    system_inst/mmio_inst/buzzer_inst/duration_count[0]_i_1_n_0
    SLICE_X48Y13         FDRE                                         r  system_inst/mmio_inst/buzzer_inst/duration_count_reg[11]/R
  -------------------------------------------------------------------    -------------------

                         (clock sys_clk_pin rise edge)
                                                     10.000    10.000 r  <hidden>
    W5                                                0.000    10.000 r  clk
                         net (fo=0)                   0.000    10.000    clk
    W5                   IBUF (Prop_ibuf_I_O)         1.388    11.388 r  clk_IBUF_inst/O
                         net (fo=1, routed)           1.862    13.250    clk_IBUF
    BUFGCTRL_X0Y0        BUFG (Prop_bufg_I_O)         0.091    13.341 r  clk_IBUF_BUFG_inst/O
                         net (fo=1666, routed)        1.446    14.787    system_inst/mmio_inst/buzzer_inst/clk
    SLICE_X48Y13         FDRE                                         r  system_inst/mmio_inst/buzzer_inst/duration_count_reg[11]/C
                         clock pessimism              0.260    15.047    <hidden>
                         clock uncertainty           -0.035    15.012    <hidden>
    SLICE_X48Y13         FDRE (Setup_fdre_C_R)       -0.429    14.583    system_inst/mmio_inst/buzzer_inst/duration_count_reg[11]
  -------------------------------------------------------------------
                         required time                         14.583    <hidden>
                         arrival time                         -13.832    <hidden>
  -------------------------------------------------------------------
                         slack                                  0.751    <hidden>

Slack (MET) :             0.751ns  (required time - arrival time)
  Source:                 reset_pipe_q_reg[1]/C
                            (rising edge-triggered cell FDRE clocked by sys_clk_pin  {rise@0.000ns fall@5.000ns period=10.000ns})
  Destination:            system_inst/mmio_inst/buzzer_inst/duration_count_reg[8]/R
                            (rising edge-triggered cell FDRE clocked by sys_clk_pin  {rise@0.000ns fall@5.000ns period=10.000ns})
  Path Group:             sys_clk_pin
  Path Type:              Setup (Max at Slow Process Corner)
  Requirement:            10.000ns  (sys_clk_pin rise@10.000ns - sys_clk_pin rise@0.000ns)
  Data Path Delay:        8.744ns  (logic 2.064ns (23.604%)  route 6.680ns (76.396%))
  Logic Levels:           10  (LUT2=1 LUT3=1 LUT4=3 LUT5=5)
  Clock Path Skew:        -0.040ns (DCD - SCD + CPR)
    Destination Clock Delay (DCD):    4.787ns = ( 14.787 - 10.000 ) 
    Source Clock Delay      (SCD):    5.087ns
    Clock Pessimism Removal (CPR):    0.260ns
  Clock Uncertainty:      0.035ns  ((TSJ^2 + TIJ^2)^1/2 + DJ) / 2 + PE
    Total System Jitter     (TSJ):    0.071ns
    Total Input Jitter      (TIJ):    0.000ns
    Discrete Jitter          (DJ):    0.000ns
    Phase Error              (PE):    0.000ns

    Location             Delay type                Incr(ns)  Path(ns)    Netlist Resource(s)
  -------------------------------------------------------------------    -------------------
                         (clock sys_clk_pin rise edge)
                                                      0.000     0.000 r  <hidden>
    W5                                                0.000     0.000 r  clk
                         net (fo=0)                   0.000     0.000    clk
    W5                   IBUF (Prop_ibuf_I_O)         1.458     1.458 r  clk_IBUF_inst/O
                         net (fo=1, routed)           1.967     3.425    clk_IBUF
    BUFGCTRL_X0Y0        BUFG (Prop_bufg_I_O)         0.096     3.521 r  clk_IBUF_BUFG_inst/O
                         net (fo=1666, routed)        1.566     5.087    clk_IBUF_BUFG
    SLICE_X57Y13         FDRE                                         r  reset_pipe_q_reg[1]/C
  -------------------------------------------------------------------    -------------------
    SLICE_X57Y13         FDRE (Prop_fdre_C_Q)         0.419     5.506 r  reset_pipe_q_reg[1]/Q
                         net (fo=1517, routed)        1.187     6.693    system_inst/cpu_inst/control/out[0]
    SLICE_X55Y18         LUT5 (Prop_lut5_I3_O)        0.327     7.020 r  system_inst/cpu_inst/control/memory_reg_i_44/O
                         net (fo=41, routed)          0.515     7.535    system_inst/cpu_inst/datapath/memory_reg_1
    SLICE_X55Y21         LUT5 (Prop_lut5_I3_O)        0.326     7.861 f  system_inst/cpu_inst/datapath/read_sel_q[0]_i_5/O
                         net (fo=1, routed)           0.673     8.534    system_inst/cpu_inst/datapath/read_sel_q[0]_i_5_n_0
    SLICE_X56Y21         LUT4 (Prop_lut4_I0_O)        0.124     8.658 f  system_inst/cpu_inst/datapath/read_sel_q[0]_i_4/O
                         net (fo=2, routed)           0.579     9.237    system_inst/cpu_inst/datapath/read_sel_q[0]_i_4_n_0
    SLICE_X55Y18         LUT5 (Prop_lut5_I4_O)        0.124     9.361 f  system_inst/cpu_inst/datapath/read_sel_q[2]_i_8/O
                         net (fo=3, routed)           0.577     9.938    system_inst/cpu_inst/datapath/read_sel_q[2]_i_8_n_0
    SLICE_X56Y18         LUT4 (Prop_lut4_I1_O)        0.124    10.062 f  system_inst/cpu_inst/datapath/read_sel_q[2]_i_10/O
                         net (fo=2, routed)           0.452    10.514    system_inst/cpu_inst/datapath/read_sel_q[2]_i_10_n_0
    SLICE_X57Y16         LUT4 (Prop_lut4_I3_O)        0.124    10.638 f  system_inst/cpu_inst/datapath/read_sel_q[2]_i_7/O
                         net (fo=4, routed)           0.436    11.074    system_inst/cpu_inst/datapath/alu_result_q_reg[6]_0
    SLICE_X56Y15         LUT3 (Prop_lut3_I0_O)        0.124    11.198 f  system_inst/cpu_inst/datapath/note_q[1]_i_5/O
                         net (fo=1, routed)           0.567    11.765    system_inst/cpu_inst/control/note_q_reg[0]
    SLICE_X55Y15         LUT5 (Prop_lut5_I4_O)        0.124    11.889 f  system_inst/cpu_inst/control/note_q[1]_i_3/O
                         net (fo=4, routed)           0.424    12.313    system_inst/mmio_inst/buzzer_inst/note_q_reg[0]_0
    SLICE_X55Y15         LUT2 (Prop_lut2_I1_O)        0.124    12.437 r  system_inst/mmio_inst/buzzer_inst/duration_count[0]_i_3/O
                         net (fo=3, routed)           0.374    12.811    system_inst/mmio_inst/buzzer_inst/duration_count[0]_i_3_n_0
    SLICE_X54Y15         LUT5 (Prop_lut5_I0_O)        0.124    12.935 r  system_inst/mmio_inst/buzzer_inst/duration_count[0]_i_1/O
                         net (fo=26, routed)          0.897    13.832    system_inst/mmio_inst/buzzer_inst/duration_count[0]_i_1_n_0
    SLICE_X48Y13         FDRE                                         r  system_inst/mmio_inst/buzzer_inst/duration_count_reg[8]/R
  -------------------------------------------------------------------    -------------------

                         (clock sys_clk_pin rise edge)
                                                     10.000    10.000 r  <hidden>
    W5                                                0.000    10.000 r  clk
                         net (fo=0)                   0.000    10.000    clk
    W5                   IBUF (Prop_ibuf_I_O)         1.388    11.388 r  clk_IBUF_inst/O
                         net (fo=1, routed)           1.862    13.250    clk_IBUF
    BUFGCTRL_X0Y0        BUFG (Prop_bufg_I_O)         0.091    13.341 r  clk_IBUF_BUFG_inst/O
                         net (fo=1666, routed)        1.446    14.787    system_inst/mmio_inst/buzzer_inst/clk
    SLICE_X48Y13         FDRE                                         r  system_inst/mmio_inst/buzzer_inst/duration_count_reg[8]/C
                         clock pessimism              0.260    15.047    <hidden>
                         clock uncertainty           -0.035    15.012    <hidden>
    SLICE_X48Y13         FDRE (Setup_fdre_C_R)       -0.429    14.583    system_inst/mmio_inst/buzzer_inst/duration_count_reg[8]
  -------------------------------------------------------------------
                         required time                         14.583    <hidden>
                         arrival time                         -13.832    <hidden>
  -------------------------------------------------------------------
                         slack                                  0.751    <hidden>

Slack (MET) :             0.751ns  (required time - arrival time)
  Source:                 reset_pipe_q_reg[1]/C
                            (rising edge-triggered cell FDRE clocked by sys_clk_pin  {rise@0.000ns fall@5.000ns period=10.000ns})
  Destination:            system_inst/mmio_inst/buzzer_inst/duration_count_reg[9]/R
                            (rising edge-triggered cell FDRE clocked by sys_clk_pin  {rise@0.000ns fall@5.000ns period=10.000ns})
  Path Group:             sys_clk_pin
  Path Type:              Setup (Max at Slow Process Corner)
  Requirement:            10.000ns  (sys_clk_pin rise@10.000ns - sys_clk_pin rise@0.000ns)
  Data Path Delay:        8.744ns  (logic 2.064ns (23.604%)  route 6.680ns (76.396%))
  Logic Levels:           10  (LUT2=1 LUT3=1 LUT4=3 LUT5=5)
  Clock Path Skew:        -0.040ns (DCD - SCD + CPR)
    Destination Clock Delay (DCD):    4.787ns = ( 14.787 - 10.000 ) 
    Source Clock Delay      (SCD):    5.087ns
    Clock Pessimism Removal (CPR):    0.260ns
  Clock Uncertainty:      0.035ns  ((TSJ^2 + TIJ^2)^1/2 + DJ) / 2 + PE
    Total System Jitter     (TSJ):    0.071ns
    Total Input Jitter      (TIJ):    0.000ns
    Discrete Jitter          (DJ):    0.000ns
    Phase Error              (PE):    0.000ns

    Location             Delay type                Incr(ns)  Path(ns)    Netlist Resource(s)
  -------------------------------------------------------------------    -------------------
                         (clock sys_clk_pin rise edge)
                                                      0.000     0.000 r  <hidden>
    W5                                                0.000     0.000 r  clk
                         net (fo=0)                   0.000     0.000    clk
    W5                   IBUF (Prop_ibuf_I_O)         1.458     1.458 r  clk_IBUF_inst/O
                         net (fo=1, routed)           1.967     3.425    clk_IBUF
    BUFGCTRL_X0Y0        BUFG (Prop_bufg_I_O)         0.096     3.521 r  clk_IBUF_BUFG_inst/O
                         net (fo=1666, routed)        1.566     5.087    clk_IBUF_BUFG
    SLICE_X57Y13         FDRE                                         r  reset_pipe_q_reg[1]/C
  -------------------------------------------------------------------    -------------------
    SLICE_X57Y13         FDRE (Prop_fdre_C_Q)         0.419     5.506 r  reset_pipe_q_reg[1]/Q
                         net (fo=1517, routed)        1.187     6.693    system_inst/cpu_inst/control/out[0]
    SLICE_X55Y18         LUT5 (Prop_lut5_I3_O)        0.327     7.020 r  system_inst/cpu_inst/control/memory_reg_i_44/O
                         net (fo=41, routed)          0.515     7.535    system_inst/cpu_inst/datapath/memory_reg_1
    SLICE_X55Y21         LUT5 (Prop_lut5_I3_O)        0.326     7.861 f  system_inst/cpu_inst/datapath/read_sel_q[0]_i_5/O
                         net (fo=1, routed)           0.673     8.534    system_inst/cpu_inst/datapath/read_sel_q[0]_i_5_n_0
    SLICE_X56Y21         LUT4 (Prop_lut4_I0_O)        0.124     8.658 f  system_inst/cpu_inst/datapath/read_sel_q[0]_i_4/O
                         net (fo=2, routed)           0.579     9.237    system_inst/cpu_inst/datapath/read_sel_q[0]_i_4_n_0
    SLICE_X55Y18         LUT5 (Prop_lut5_I4_O)        0.124     9.361 f  system_inst/cpu_inst/datapath/read_sel_q[2]_i_8/O
                         net (fo=3, routed)           0.577     9.938    system_inst/cpu_inst/datapath/read_sel_q[2]_i_8_n_0
    SLICE_X56Y18         LUT4 (Prop_lut4_I1_O)        0.124    10.062 f  system_inst/cpu_inst/datapath/read_sel_q[2]_i_10/O
                         net (fo=2, routed)           0.452    10.514    system_inst/cpu_inst/datapath/read_sel_q[2]_i_10_n_0
    SLICE_X57Y16         LUT4 (Prop_lut4_I3_O)        0.124    10.638 f  system_inst/cpu_inst/datapath/read_sel_q[2]_i_7/O
                         net (fo=4, routed)           0.436    11.074    system_inst/cpu_inst/datapath/alu_result_q_reg[6]_0
    SLICE_X56Y15         LUT3 (Prop_lut3_I0_O)        0.124    11.198 f  system_inst/cpu_inst/datapath/note_q[1]_i_5/O
                         net (fo=1, routed)           0.567    11.765    system_inst/cpu_inst/control/note_q_reg[0]
    SLICE_X55Y15         LUT5 (Prop_lut5_I4_O)        0.124    11.889 f  system_inst/cpu_inst/control/note_q[1]_i_3/O
                         net (fo=4, routed)           0.424    12.313    system_inst/mmio_inst/buzzer_inst/note_q_reg[0]_0
    SLICE_X55Y15         LUT2 (Prop_lut2_I1_O)        0.124    12.437 r  system_inst/mmio_inst/buzzer_inst/duration_count[0]_i_3/O
                         net (fo=3, routed)           0.374    12.811    system_inst/mmio_inst/buzzer_inst/duration_count[0]_i_3_n_0
    SLICE_X54Y15         LUT5 (Prop_lut5_I0_O)        0.124    12.935 r  system_inst/mmio_inst/buzzer_inst/duration_count[0]_i_1/O
                         net (fo=26, routed)          0.897    13.832    system_inst/mmio_inst/buzzer_inst/duration_count[0]_i_1_n_0
    SLICE_X48Y13         FDRE                                         r  system_inst/mmio_inst/buzzer_inst/duration_count_reg[9]/R
  -------------------------------------------------------------------    -------------------

                         (clock sys_clk_pin rise edge)
                                                     10.000    10.000 r  <hidden>
    W5                                                0.000    10.000 r  clk
                         net (fo=0)                   0.000    10.000    clk
    W5                   IBUF (Prop_ibuf_I_O)         1.388    11.388 r  clk_IBUF_inst/O
                         net (fo=1, routed)           1.862    13.250    clk_IBUF
    BUFGCTRL_X0Y0        BUFG (Prop_bufg_I_O)         0.091    13.341 r  clk_IBUF_BUFG_inst/O
                         net (fo=1666, routed)        1.446    14.787    system_inst/mmio_inst/buzzer_inst/clk
    SLICE_X48Y13         FDRE                                         r  system_inst/mmio_inst/buzzer_inst/duration_count_reg[9]/C
                         clock pessimism              0.260    15.047    <hidden>
                         clock uncertainty           -0.035    15.012    <hidden>
    SLICE_X48Y13         FDRE (Setup_fdre_C_R)       -0.429    14.583    system_inst/mmio_inst/buzzer_inst/duration_count_reg[9]
  -------------------------------------------------------------------
                         required time                         14.583    <hidden>
                         arrival time                         -13.832    <hidden>
  -------------------------------------------------------------------
                         slack                                  0.751    <hidden>

Slack (MET) :             0.795ns  (required time - arrival time)
  Source:                 system_inst/cpu_inst/datapath/operand_b_q_reg[2]/C
                            (rising edge-triggered cell FDRE clocked by sys_clk_pin  {rise@0.000ns fall@5.000ns period=10.000ns})
  Destination:            system_inst/cpu_inst/control/FSM_onehot_state_q_reg[9]/D
                            (rising edge-triggered cell FDRE clocked by sys_clk_pin  {rise@0.000ns fall@5.000ns period=10.000ns})
  Path Group:             sys_clk_pin
  Path Type:              Setup (Max at Slow Process Corner)
  Requirement:            10.000ns  (sys_clk_pin rise@10.000ns - sys_clk_pin rise@0.000ns)
  Data Path Delay:        9.201ns  (logic 2.679ns (29.118%)  route 6.522ns (70.882%))
  Logic Levels:           12  (CARRY4=3 LUT3=1 LUT4=1 LUT6=7)
  Clock Path Skew:        -0.046ns (DCD - SCD + CPR)
    Destination Clock Delay (DCD):    4.778ns = ( 14.778 - 10.000 ) 
    Source Clock Delay      (SCD):    5.084ns
    Clock Pessimism Removal (CPR):    0.260ns
  Clock Uncertainty:      0.035ns  ((TSJ^2 + TIJ^2)^1/2 + DJ) / 2 + PE
    Total System Jitter     (TSJ):    0.071ns
    Total Input Jitter      (TIJ):    0.000ns
    Discrete Jitter          (DJ):    0.000ns
    Phase Error              (PE):    0.000ns

    Location             Delay type                Incr(ns)  Path(ns)    Netlist Resource(s)
  -------------------------------------------------------------------    -------------------
                         (clock sys_clk_pin rise edge)
                                                      0.000     0.000 r  <hidden>
    W5                                                0.000     0.000 r  clk
                         net (fo=0)                   0.000     0.000    clk
    W5                   IBUF (Prop_ibuf_I_O)         1.458     1.458 r  clk_IBUF_inst/O
                         net (fo=1, routed)           1.967     3.425    clk_IBUF
    BUFGCTRL_X0Y0        BUFG (Prop_bufg_I_O)         0.096     3.521 r  clk_IBUF_BUFG_inst/O
                         net (fo=1666, routed)        1.563     5.084    system_inst/cpu_inst/datapath/clk
    SLICE_X54Y16         FDRE                                         r  system_inst/cpu_inst/datapath/operand_b_q_reg[2]/C
  -------------------------------------------------------------------    -------------------
    SLICE_X54Y16         FDRE (Prop_fdre_C_Q)         0.518     5.602 r  system_inst/cpu_inst/datapath/operand_b_q_reg[2]/Q
                         net (fo=6, routed)           1.414     7.016    system_inst/cpu_inst/datapath/operand_b_q_reg[31]_0[2]
    SLICE_X52Y25         LUT6 (Prop_lut6_I1_O)        0.124     7.140 r  system_inst/cpu_inst/datapath/next_pc_q[31]_i_57/O
                         net (fo=1, routed)           0.000     7.140    system_inst/cpu_inst/datapath/next_pc_q[31]_i_57_n_0
    SLICE_X52Y25         CARRY4 (Prop_carry4_S[0]_CO[3])
                                                      0.513     7.653 r  system_inst/cpu_inst/datapath/next_pc_q_reg[31]_i_36/CO[3]
                         net (fo=1, routed)           0.000     7.653    system_inst/cpu_inst/datapath/next_pc_q_reg[31]_i_36_n_0
    SLICE_X52Y26         CARRY4 (Prop_carry4_CI_CO[3])
                                                      0.117     7.770 r  system_inst/cpu_inst/datapath/next_pc_q_reg[31]_i_18/CO[3]
                         net (fo=1, routed)           0.000     7.770    system_inst/cpu_inst/datapath/next_pc_q_reg[31]_i_18_n_0
    SLICE_X52Y27         CARRY4 (Prop_carry4_CI_CO[2])
                                                      0.229     7.999 f  system_inst/cpu_inst/datapath/next_pc_q_reg[31]_i_12/CO[2]
                         net (fo=1, routed)           0.920     8.919    system_inst/cpu_inst/datapath/data1
    SLICE_X53Y29         LUT6 (Prop_lut6_I3_O)        0.310     9.229 r  system_inst/cpu_inst/datapath/next_pc_q[31]_i_6/O
                         net (fo=2, routed)           0.622     9.851    system_inst/cpu_inst/datapath/next_pc_q[31]_i_6_n_0
    SLICE_X53Y30         LUT4 (Prop_lut4_I0_O)        0.124     9.975 r  system_inst/cpu_inst/datapath/next_pc_q[31]_i_4/O
                         net (fo=34, routed)          0.529    10.504    system_inst/cpu_inst/datapath/next_pc_q[31]_i_4_n_0
    SLICE_X52Y31         LUT3 (Prop_lut3_I1_O)        0.124    10.628 r  system_inst/cpu_inst/datapath/next_pc_q[30]_i_6/O
                         net (fo=1, routed)           0.923    11.551    system_inst/cpu_inst/datapath/execution_alu/next_pc_q_reg[30]_2
    SLICE_X48Y29         LUT6 (Prop_lut6_I5_O)        0.124    11.675 r  system_inst/cpu_inst/datapath/execution_alu/next_pc_q[30]_i_1/O
                         net (fo=2, routed)           0.588    12.263    system_inst/cpu_inst/datapath/execution_alu/kind_reg[0][29]
    SLICE_X50Y29         LUT6 (Prop_lut6_I1_O)        0.124    12.387 r  system_inst/cpu_inst/datapath/execution_alu/FSM_onehot_state_q[9]_i_10/O
                         net (fo=1, routed)           0.547    12.933    system_inst/cpu_inst/datapath/execution_alu/FSM_onehot_state_q[9]_i_10_n_0
    SLICE_X51Y26         LUT6 (Prop_lut6_I2_O)        0.124    13.057 r  system_inst/cpu_inst/datapath/execution_alu/FSM_onehot_state_q[9]_i_6/O
                         net (fo=1, routed)           0.464    13.521    system_inst/cpu_inst/datapath/execution_alu/FSM_onehot_state_q[9]_i_6_n_0
    SLICE_X51Y23         LUT6 (Prop_lut6_I3_O)        0.124    13.645 f  system_inst/cpu_inst/datapath/execution_alu/FSM_onehot_state_q[9]_i_2/O
                         net (fo=6, routed)           0.515    14.161    system_inst/cpu_inst/control/execute_valid
    SLICE_X52Y23         LUT6 (Prop_lut6_I3_O)        0.124    14.285 r  system_inst/cpu_inst/control/FSM_onehot_state_q[9]_i_1/O
                         net (fo=1, routed)           0.000    14.285    system_inst/cpu_inst/control/FSM_onehot_state_q[9]_i_1_n_0
    SLICE_X52Y23         FDRE                                         r  system_inst/cpu_inst/control/FSM_onehot_state_q_reg[9]/D
  -------------------------------------------------------------------    -------------------

                         (clock sys_clk_pin rise edge)
                                                     10.000    10.000 r  <hidden>
    W5                                                0.000    10.000 r  clk
                         net (fo=0)                   0.000    10.000    clk
    W5                   IBUF (Prop_ibuf_I_O)         1.388    11.388 r  clk_IBUF_inst/O
                         net (fo=1, routed)           1.862    13.250    clk_IBUF
    BUFGCTRL_X0Y0        BUFG (Prop_bufg_I_O)         0.091    13.341 r  clk_IBUF_BUFG_inst/O
                         net (fo=1666, routed)        1.437    14.778    system_inst/cpu_inst/control/clk
    SLICE_X52Y23         FDRE                                         r  system_inst/cpu_inst/control/FSM_onehot_state_q_reg[9]/C
                         clock pessimism              0.260    15.038    <hidden>
                         clock uncertainty           -0.035    15.003    <hidden>
    SLICE_X52Y23         FDRE (Setup_fdre_C_D)        0.077    15.080    system_inst/cpu_inst/control/FSM_onehot_state_q_reg[9]
  -------------------------------------------------------------------
                         required time                         15.080    <hidden>
                         arrival time                         -14.285    <hidden>
  -------------------------------------------------------------------
                         slack                                  0.795    <hidden>

Slack (MET) :             0.846ns  (required time - arrival time)
  Source:                 system_inst/cpu_inst/datapath/operand_b_q_reg[2]/C
                            (rising edge-triggered cell FDRE clocked by sys_clk_pin  {rise@0.000ns fall@5.000ns period=10.000ns})
  Destination:            system_inst/cpu_inst/control/FSM_onehot_state_q_reg[7]/D
                            (rising edge-triggered cell FDRE clocked by sys_clk_pin  {rise@0.000ns fall@5.000ns period=10.000ns})
  Path Group:             sys_clk_pin
  Path Type:              Setup (Max at Slow Process Corner)
  Requirement:            10.000ns  (sys_clk_pin rise@10.000ns - sys_clk_pin rise@0.000ns)
  Data Path Delay:        9.151ns  (logic 2.679ns (29.275%)  route 6.472ns (70.725%))
  Logic Levels:           12  (CARRY4=3 LUT3=1 LUT4=1 LUT6=7)
  Clock Path Skew:        -0.046ns (DCD - SCD + CPR)
    Destination Clock Delay (DCD):    4.778ns = ( 14.778 - 10.000 ) 
    Source Clock Delay      (SCD):    5.084ns
    Clock Pessimism Removal (CPR):    0.260ns
  Clock Uncertainty:      0.035ns  ((TSJ^2 + TIJ^2)^1/2 + DJ) / 2 + PE
    Total System Jitter     (TSJ):    0.071ns
    Total Input Jitter      (TIJ):    0.000ns
    Discrete Jitter          (DJ):    0.000ns
    Phase Error              (PE):    0.000ns

    Location             Delay type                Incr(ns)  Path(ns)    Netlist Resource(s)
  -------------------------------------------------------------------    -------------------
                         (clock sys_clk_pin rise edge)
                                                      0.000     0.000 r  <hidden>
    W5                                                0.000     0.000 r  clk
                         net (fo=0)                   0.000     0.000    clk
    W5                   IBUF (Prop_ibuf_I_O)         1.458     1.458 r  clk_IBUF_inst/O
                         net (fo=1, routed)           1.967     3.425    clk_IBUF
    BUFGCTRL_X0Y0        BUFG (Prop_bufg_I_O)         0.096     3.521 r  clk_IBUF_BUFG_inst/O
                         net (fo=1666, routed)        1.563     5.084    system_inst/cpu_inst/datapath/clk
    SLICE_X54Y16         FDRE                                         r  system_inst/cpu_inst/datapath/operand_b_q_reg[2]/C
  -------------------------------------------------------------------    -------------------
    SLICE_X54Y16         FDRE (Prop_fdre_C_Q)         0.518     5.602 r  system_inst/cpu_inst/datapath/operand_b_q_reg[2]/Q
                         net (fo=6, routed)           1.414     7.016    system_inst/cpu_inst/datapath/operand_b_q_reg[31]_0[2]
    SLICE_X52Y25         LUT6 (Prop_lut6_I1_O)        0.124     7.140 r  system_inst/cpu_inst/datapath/next_pc_q[31]_i_57/O
                         net (fo=1, routed)           0.000     7.140    system_inst/cpu_inst/datapath/next_pc_q[31]_i_57_n_0
    SLICE_X52Y25         CARRY4 (Prop_carry4_S[0]_CO[3])
                                                      0.513     7.653 r  system_inst/cpu_inst/datapath/next_pc_q_reg[31]_i_36/CO[3]
                         net (fo=1, routed)           0.000     7.653    system_inst/cpu_inst/datapath/next_pc_q_reg[31]_i_36_n_0
    SLICE_X52Y26         CARRY4 (Prop_carry4_CI_CO[3])
                                                      0.117     7.770 r  system_inst/cpu_inst/datapath/next_pc_q_reg[31]_i_18/CO[3]
                         net (fo=1, routed)           0.000     7.770    system_inst/cpu_inst/datapath/next_pc_q_reg[31]_i_18_n_0
    SLICE_X52Y27         CARRY4 (Prop_carry4_CI_CO[2])
                                                      0.229     7.999 f  system_inst/cpu_inst/datapath/next_pc_q_reg[31]_i_12/CO[2]
                         net (fo=1, routed)           0.920     8.919    system_inst/cpu_inst/datapath/data1
    SLICE_X53Y29         LUT6 (Prop_lut6_I3_O)        0.310     9.229 r  system_inst/cpu_inst/datapath/next_pc_q[31]_i_6/O
                         net (fo=2, routed)           0.622     9.851    system_inst/cpu_inst/datapath/next_pc_q[31]_i_6_n_0
    SLICE_X53Y30         LUT4 (Prop_lut4_I0_O)        0.124     9.975 r  system_inst/cpu_inst/datapath/next_pc_q[31]_i_4/O
                         net (fo=34, routed)          0.529    10.504    system_inst/cpu_inst/datapath/next_pc_q[31]_i_4_n_0
    SLICE_X52Y31         LUT3 (Prop_lut3_I1_O)        0.124    10.628 f  system_inst/cpu_inst/datapath/next_pc_q[30]_i_6/O
                         net (fo=1, routed)           0.923    11.551    system_inst/cpu_inst/datapath/execution_alu/next_pc_q_reg[30]_2
    SLICE_X48Y29         LUT6 (Prop_lut6_I5_O)        0.124    11.675 f  system_inst/cpu_inst/datapath/execution_alu/next_pc_q[30]_i_1/O
                         net (fo=2, routed)           0.588    12.263    system_inst/cpu_inst/datapath/execution_alu/kind_reg[0][29]
    SLICE_X50Y29         LUT6 (Prop_lut6_I1_O)        0.124    12.387 f  system_inst/cpu_inst/datapath/execution_alu/FSM_onehot_state_q[9]_i_10/O
                         net (fo=1, routed)           0.547    12.933    system_inst/cpu_inst/datapath/execution_alu/FSM_onehot_state_q[9]_i_10_n_0
    SLICE_X51Y26         LUT6 (Prop_lut6_I2_O)        0.124    13.057 f  system_inst/cpu_inst/datapath/execution_alu/FSM_onehot_state_q[9]_i_6/O
                         net (fo=1, routed)           0.464    13.521    system_inst/cpu_inst/datapath/execution_alu/FSM_onehot_state_q[9]_i_6_n_0
    SLICE_X51Y23         LUT6 (Prop_lut6_I3_O)        0.124    13.645 r  system_inst/cpu_inst/datapath/execution_alu/FSM_onehot_state_q[9]_i_2/O
                         net (fo=6, routed)           0.466    14.112    system_inst/cpu_inst/control/execute_valid
    SLICE_X52Y23         LUT6 (Prop_lut6_I0_O)        0.124    14.236 r  system_inst/cpu_inst/control/FSM_onehot_state_q[7]_i_1/O
                         net (fo=1, routed)           0.000    14.236    system_inst/cpu_inst/control/FSM_onehot_state_q[7]_i_1_n_0
    SLICE_X52Y23         FDRE                                         r  system_inst/cpu_inst/control/FSM_onehot_state_q_reg[7]/D
  -------------------------------------------------------------------    -------------------

                         (clock sys_clk_pin rise edge)
                                                     10.000    10.000 r  <hidden>
    W5                                                0.000    10.000 r  clk
                         net (fo=0)                   0.000    10.000    clk
    W5                   IBUF (Prop_ibuf_I_O)         1.388    11.388 r  clk_IBUF_inst/O
                         net (fo=1, routed)           1.862    13.250    clk_IBUF
    BUFGCTRL_X0Y0        BUFG (Prop_bufg_I_O)         0.091    13.341 r  clk_IBUF_BUFG_inst/O
                         net (fo=1666, routed)        1.437    14.778    system_inst/cpu_inst/control/clk
    SLICE_X52Y23         FDRE                                         r  system_inst/cpu_inst/control/FSM_onehot_state_q_reg[7]/C
                         clock pessimism              0.260    15.038    <hidden>
                         clock uncertainty           -0.035    15.003    <hidden>
    SLICE_X52Y23         FDRE (Setup_fdre_C_D)        0.079    15.082    system_inst/cpu_inst/control/FSM_onehot_state_q_reg[7]
  -------------------------------------------------------------------
                         required time                         15.082    <hidden>
                         arrival time                         -14.236    <hidden>
  -------------------------------------------------------------------
                         slack                                  0.846    <hidden>





Min Delay Paths
--------------------------------------------------------------------------------------
Slack (MET) :             0.122ns  (arrival time - required time)
  Source:                 reset_pipe_q_reg[0]/C
                            (rising edge-triggered cell FDRE clocked by sys_clk_pin  {rise@0.000ns fall@5.000ns period=10.000ns})
  Destination:            reset_pipe_q_reg[1]/D
                            (rising edge-triggered cell FDRE clocked by sys_clk_pin  {rise@0.000ns fall@5.000ns period=10.000ns})
  Path Group:             sys_clk_pin
  Path Type:              Hold (Min at Fast Process Corner)
  Requirement:            0.000ns  (sys_clk_pin rise@0.000ns - sys_clk_pin rise@0.000ns)
  Data Path Delay:        0.197ns  (logic 0.141ns (71.611%)  route 0.056ns (28.389%))
  Logic Levels:           0  
  Clock Path Skew:        0.000ns (DCD - SCD - CPR)
    Destination Clock Delay (DCD):    1.959ns
    Source Clock Delay      (SCD):    1.447ns
    Clock Pessimism Removal (CPR):    0.512ns

    Location             Delay type                Incr(ns)  Path(ns)    Netlist Resource(s)
  -------------------------------------------------------------------    -------------------
                         (clock sys_clk_pin rise edge)
                                                      0.000     0.000 r  <hidden>
    W5                                                0.000     0.000 r  clk
                         net (fo=0)                   0.000     0.000    clk
    W5                   IBUF (Prop_ibuf_I_O)         0.226     0.226 r  clk_IBUF_inst/O
                         net (fo=1, routed)           0.631     0.858    clk_IBUF
    BUFGCTRL_X0Y0        BUFG (Prop_bufg_I_O)         0.026     0.884 r  clk_IBUF_BUFG_inst/O
                         net (fo=1666, routed)        0.564     1.447    clk_IBUF_BUFG
    SLICE_X57Y13         FDRE                                         r  reset_pipe_q_reg[0]/C
  -------------------------------------------------------------------    -------------------
    SLICE_X57Y13         FDRE (Prop_fdre_C_Q)         0.141     1.588 r  reset_pipe_q_reg[0]/Q
                         net (fo=1, routed)           0.056     1.644    reset_pipe_q[0]
    SLICE_X57Y13         FDRE                                         r  reset_pipe_q_reg[1]/D
  -------------------------------------------------------------------    -------------------

                         (clock sys_clk_pin rise edge)
                                                      0.000     0.000 r  <hidden>
    W5                                                0.000     0.000 r  clk
                         net (fo=0)                   0.000     0.000    clk
    W5                   IBUF (Prop_ibuf_I_O)         0.414     0.414 r  clk_IBUF_inst/O
                         net (fo=1, routed)           0.685     1.099    clk_IBUF
    BUFGCTRL_X0Y0        BUFG (Prop_bufg_I_O)         0.029     1.128 r  clk_IBUF_BUFG_inst/O
                         net (fo=1666, routed)        0.832     1.959    clk_IBUF_BUFG
    SLICE_X57Y13         FDRE                                         r  reset_pipe_q_reg[1]/C
                         clock pessimism             -0.512     1.447    <hidden>
    SLICE_X57Y13         FDRE (Hold_fdre_C_D)         0.075     1.522    reset_pipe_q_reg[1]
  -------------------------------------------------------------------
                         required time                         -1.522    <hidden>
                         arrival time                           1.644    <hidden>
  -------------------------------------------------------------------
                         slack                                  0.122    <hidden>

Slack (MET) :             0.157ns  (arrival time - required time)
  Source:                 system_inst/mmio_inst/uart_inst/rx_core/data_q_reg[3]/C
                            (rising edge-triggered cell FDRE clocked by sys_clk_pin  {rise@0.000ns fall@5.000ns period=10.000ns})
  Destination:            system_inst/mmio_inst/uart_inst/rx_core/data_o_reg[3]/D
                            (rising edge-triggered cell FDRE clocked by sys_clk_pin  {rise@0.000ns fall@5.000ns period=10.000ns})
  Path Group:             sys_clk_pin
  Path Type:              Hold (Min at Fast Process Corner)
  Requirement:            0.000ns  (sys_clk_pin rise@0.000ns - sys_clk_pin rise@0.000ns)
  Data Path Delay:        0.268ns  (logic 0.141ns (52.578%)  route 0.127ns (47.422%))
  Logic Levels:           0  
  Clock Path Skew:        0.035ns (DCD - SCD - CPR)
    Destination Clock Delay (DCD):    1.990ns
    Source Clock Delay      (SCD):    1.477ns
    Clock Pessimism Removal (CPR):    0.478ns

    Location             Delay type                Incr(ns)  Path(ns)    Netlist Resource(s)
  -------------------------------------------------------------------    -------------------
                         (clock sys_clk_pin rise edge)
                                                      0.000     0.000 r  <hidden>
    W5                                                0.000     0.000 r  clk
                         net (fo=0)                   0.000     0.000    clk
    W5                   IBUF (Prop_ibuf_I_O)         0.226     0.226 r  clk_IBUF_inst/O
                         net (fo=1, routed)           0.631     0.858    clk_IBUF
    BUFGCTRL_X0Y0        BUFG (Prop_bufg_I_O)         0.026     0.884 r  clk_IBUF_BUFG_inst/O
                         net (fo=1666, routed)        0.594     1.477    system_inst/mmio_inst/uart_inst/rx_core/clk
    SLICE_X62Y7          FDRE                                         r  system_inst/mmio_inst/uart_inst/rx_core/data_q_reg[3]/C
  -------------------------------------------------------------------    -------------------
    SLICE_X62Y7          FDRE (Prop_fdre_C_Q)         0.141     1.618 r  system_inst/mmio_inst/uart_inst/rx_core/data_q_reg[3]/Q
                         net (fo=2, routed)           0.127     1.745    system_inst/mmio_inst/uart_inst/rx_core/data_q_reg_n_0_[3]
    SLICE_X60Y8          FDRE                                         r  system_inst/mmio_inst/uart_inst/rx_core/data_o_reg[3]/D
  -------------------------------------------------------------------    -------------------

                         (clock sys_clk_pin rise edge)
                                                      0.000     0.000 r  <hidden>
    W5                                                0.000     0.000 r  clk
                         net (fo=0)                   0.000     0.000    clk
    W5                   IBUF (Prop_ibuf_I_O)         0.414     0.414 r  clk_IBUF_inst/O
                         net (fo=1, routed)           0.685     1.099    clk_IBUF
    BUFGCTRL_X0Y0        BUFG (Prop_bufg_I_O)         0.029     1.128 r  clk_IBUF_BUFG_inst/O
                         net (fo=1666, routed)        0.863     1.990    system_inst/mmio_inst/uart_inst/rx_core/clk
    SLICE_X60Y8          FDRE                                         r  system_inst/mmio_inst/uart_inst/rx_core/data_o_reg[3]/C
                         clock pessimism             -0.478     1.512    <hidden>
    SLICE_X60Y8          FDRE (Hold_fdre_C_D)         0.076     1.588    system_inst/mmio_inst/uart_inst/rx_core/data_o_reg[3]
  -------------------------------------------------------------------
                         required time                         -1.588    <hidden>
                         arrival time                           1.745    <hidden>
  -------------------------------------------------------------------
                         slack                                  0.157    <hidden>

Slack (MET) :             0.158ns  (arrival time - required time)
  Source:                 system_inst/mmio_inst/sevenseg_inst/rdata_o_reg[15]/C
                            (rising edge-triggered cell FDRE clocked by sys_clk_pin  {rise@0.000ns fall@5.000ns period=10.000ns})
  Destination:            system_inst/cpu_inst/datapath/load_data_q_reg[15]/D
                            (rising edge-triggered cell FDRE clocked by sys_clk_pin  {rise@0.000ns fall@5.000ns period=10.000ns})
  Path Group:             sys_clk_pin
  Path Type:              Hold (Min at Fast Process Corner)
  Requirement:            0.000ns  (sys_clk_pin rise@0.000ns - sys_clk_pin rise@0.000ns)
  Data Path Delay:        0.294ns  (logic 0.186ns (63.228%)  route 0.108ns (36.772%))
  Logic Levels:           1  (LUT6=1)
  Clock Path Skew:        0.015ns (DCD - SCD - CPR)
    Destination Clock Delay (DCD):    1.959ns
    Source Clock Delay      (SCD):    1.447ns
    Clock Pessimism Removal (CPR):    0.497ns

    Location             Delay type                Incr(ns)  Path(ns)    Netlist Resource(s)
  -------------------------------------------------------------------    -------------------
                         (clock sys_clk_pin rise edge)
                                                      0.000     0.000 r  <hidden>
    W5                                                0.000     0.000 r  clk
                         net (fo=0)                   0.000     0.000    clk
    W5                   IBUF (Prop_ibuf_I_O)         0.226     0.226 r  clk_IBUF_inst/O
                         net (fo=1, routed)           0.631     0.858    clk_IBUF
    BUFGCTRL_X0Y0        BUFG (Prop_bufg_I_O)         0.026     0.884 r  clk_IBUF_BUFG_inst/O
                         net (fo=1666, routed)        0.564     1.447    system_inst/mmio_inst/sevenseg_inst/clk
    SLICE_X57Y15         FDRE                                         r  system_inst/mmio_inst/sevenseg_inst/rdata_o_reg[15]/C
  -------------------------------------------------------------------    -------------------
    SLICE_X57Y15         FDRE (Prop_fdre_C_Q)         0.141     1.588 r  system_inst/mmio_inst/sevenseg_inst/rdata_o_reg[15]/Q
                         net (fo=1, routed)           0.108     1.696    system_inst/mmio_inst/bus_inst/load_data_q_reg[15][15]
    SLICE_X56Y14         LUT6 (Prop_lut6_I1_O)        0.045     1.741 r  system_inst/mmio_inst/bus_inst/load_data_q[15]_i_1/O
                         net (fo=1, routed)           0.000     1.741    system_inst/cpu_inst/datapath/load_data_q_reg[31]_1[15]
    SLICE_X56Y14         FDRE                                         r  system_inst/cpu_inst/datapath/load_data_q_reg[15]/D
  -------------------------------------------------------------------    -------------------

                         (clock sys_clk_pin rise edge)
                                                      0.000     0.000 r  <hidden>
    W5                                                0.000     0.000 r  clk
                         net (fo=0)                   0.000     0.000    clk
    W5                   IBUF (Prop_ibuf_I_O)         0.414     0.414 r  clk_IBUF_inst/O
                         net (fo=1, routed)           0.685     1.099    clk_IBUF
    BUFGCTRL_X0Y0        BUFG (Prop_bufg_I_O)         0.029     1.128 r  clk_IBUF_BUFG_inst/O
                         net (fo=1666, routed)        0.832     1.959    system_inst/cpu_inst/datapath/clk
    SLICE_X56Y14         FDRE                                         r  system_inst/cpu_inst/datapath/load_data_q_reg[15]/C
                         clock pessimism             -0.497     1.462    <hidden>
    SLICE_X56Y14         FDRE (Hold_fdre_C_D)         0.121     1.583    system_inst/cpu_inst/datapath/load_data_q_reg[15]
  -------------------------------------------------------------------
                         required time                         -1.583    <hidden>
                         arrival time                           1.741    <hidden>
  -------------------------------------------------------------------
                         slack                                  0.158    <hidden>

Slack (MET) :             0.159ns  (arrival time - required time)
  Source:                 system_inst/mmio_inst/sevenseg_inst/rdata_o_reg[0]/C
                            (rising edge-triggered cell FDRE clocked by sys_clk_pin  {rise@0.000ns fall@5.000ns period=10.000ns})
  Destination:            system_inst/cpu_inst/datapath/load_data_q_reg[0]/D
                            (rising edge-triggered cell FDRE clocked by sys_clk_pin  {rise@0.000ns fall@5.000ns period=10.000ns})
  Path Group:             sys_clk_pin
  Path Type:              Hold (Min at Fast Process Corner)
  Requirement:            0.000ns  (sys_clk_pin rise@0.000ns - sys_clk_pin rise@0.000ns)
  Data Path Delay:        0.306ns  (logic 0.250ns (81.672%)  route 0.056ns (18.328%))
  Logic Levels:           2  (LUT6=1 MUXF7=1)
  Clock Path Skew:        0.013ns (DCD - SCD - CPR)
    Destination Clock Delay (DCD):    1.959ns
    Source Clock Delay      (SCD):    1.445ns
    Clock Pessimism Removal (CPR):    0.501ns

    Location             Delay type                Incr(ns)  Path(ns)    Netlist Resource(s)
  -------------------------------------------------------------------    -------------------
                         (clock sys_clk_pin rise edge)
                                                      0.000     0.000 r  <hidden>
    W5                                                0.000     0.000 r  clk
                         net (fo=0)                   0.000     0.000    clk
    W5                   IBUF (Prop_ibuf_I_O)         0.226     0.226 r  clk_IBUF_inst/O
                         net (fo=1, routed)           0.631     0.858    clk_IBUF
    BUFGCTRL_X0Y0        BUFG (Prop_bufg_I_O)         0.026     0.884 r  clk_IBUF_BUFG_inst/O
                         net (fo=1666, routed)        0.562     1.445    system_inst/mmio_inst/sevenseg_inst/clk
    SLICE_X55Y13         FDRE                                         r  system_inst/mmio_inst/sevenseg_inst/rdata_o_reg[0]/C
  -------------------------------------------------------------------    -------------------
    SLICE_X55Y13         FDRE (Prop_fdre_C_Q)         0.141     1.586 r  system_inst/mmio_inst/sevenseg_inst/rdata_o_reg[0]/Q
                         net (fo=1, routed)           0.056     1.642    system_inst/mmio_inst/bus_inst/load_data_q_reg[15][0]
    SLICE_X54Y13         LUT6 (Prop_lut6_I5_O)        0.045     1.687 r  system_inst/mmio_inst/bus_inst/load_data_q[0]_i_3/O
                         net (fo=1, routed)           0.000     1.687    system_inst/mmio_inst/bus_inst/load_data_q[0]_i_3_n_0
    SLICE_X54Y13         MUXF7 (Prop_muxf7_I1_O)      0.064     1.751 r  system_inst/mmio_inst/bus_inst/load_data_q_reg[0]_i_1/O
                         net (fo=1, routed)           0.000     1.751    system_inst/cpu_inst/datapath/load_data_q_reg[31]_1[0]
    SLICE_X54Y13         FDRE                                         r  system_inst/cpu_inst/datapath/load_data_q_reg[0]/D
  -------------------------------------------------------------------    -------------------

                         (clock sys_clk_pin rise edge)
                                                      0.000     0.000 r  <hidden>
    W5                                                0.000     0.000 r  clk
                         net (fo=0)                   0.000     0.000    clk
    W5                   IBUF (Prop_ibuf_I_O)         0.414     0.414 r  clk_IBUF_inst/O
                         net (fo=1, routed)           0.685     1.099    clk_IBUF
    BUFGCTRL_X0Y0        BUFG (Prop_bufg_I_O)         0.029     1.128 r  clk_IBUF_BUFG_inst/O
                         net (fo=1666, routed)        0.832     1.959    system_inst/cpu_inst/datapath/clk
    SLICE_X54Y13         FDRE                                         r  system_inst/cpu_inst/datapath/load_data_q_reg[0]/C
                         clock pessimism             -0.501     1.458    <hidden>
    SLICE_X54Y13         FDRE (Hold_fdre_C_D)         0.134     1.592    system_inst/cpu_inst/datapath/load_data_q_reg[0]
  -------------------------------------------------------------------
                         required time                         -1.592    <hidden>
                         arrival time                           1.751    <hidden>
  -------------------------------------------------------------------
                         slack                                  0.159    <hidden>

Slack (MET) :             0.159ns  (arrival time - required time)
  Source:                 system_inst/mmio_inst/buzzer_inst/rdata_o_reg[1]/C
                            (rising edge-triggered cell FDRE clocked by sys_clk_pin  {rise@0.000ns fall@5.000ns period=10.000ns})
  Destination:            system_inst/cpu_inst/datapath/load_data_q_reg[1]/D
                            (rising edge-triggered cell FDRE clocked by sys_clk_pin  {rise@0.000ns fall@5.000ns period=10.000ns})
  Path Group:             sys_clk_pin
  Path Type:              Hold (Min at Fast Process Corner)
  Requirement:            0.000ns  (sys_clk_pin rise@0.000ns - sys_clk_pin rise@0.000ns)
  Data Path Delay:        0.306ns  (logic 0.250ns (81.672%)  route 0.056ns (18.328%))
  Logic Levels:           2  (LUT6=1 MUXF7=1)
  Clock Path Skew:        0.013ns (DCD - SCD - CPR)
    Destination Clock Delay (DCD):    1.962ns
    Source Clock Delay      (SCD):    1.447ns
    Clock Pessimism Removal (CPR):    0.502ns

    Location             Delay type                Incr(ns)  Path(ns)    Netlist Resource(s)
  -------------------------------------------------------------------    -------------------
                         (clock sys_clk_pin rise edge)
                                                      0.000     0.000 r  <hidden>
    W5                                                0.000     0.000 r  clk
                         net (fo=0)                   0.000     0.000    clk
    W5                   IBUF (Prop_ibuf_I_O)         0.226     0.226 r  clk_IBUF_inst/O
                         net (fo=1, routed)           0.631     0.858    clk_IBUF
    BUFGCTRL_X0Y0        BUFG (Prop_bufg_I_O)         0.026     0.884 r  clk_IBUF_BUFG_inst/O
                         net (fo=1666, routed)        0.564     1.447    system_inst/mmio_inst/buzzer_inst/clk
    SLICE_X55Y11         FDRE                                         r  system_inst/mmio_inst/buzzer_inst/rdata_o_reg[1]/C
  -------------------------------------------------------------------    -------------------
    SLICE_X55Y11         FDRE (Prop_fdre_C_Q)         0.141     1.588 r  system_inst/mmio_inst/buzzer_inst/rdata_o_reg[1]/Q
                         net (fo=1, routed)           0.056     1.644    system_inst/mmio_inst/bus_inst/load_data_q_reg[2][1]
    SLICE_X54Y11         LUT6 (Prop_lut6_I1_O)        0.045     1.689 r  system_inst/mmio_inst/bus_inst/load_data_q[1]_i_3/O
                         net (fo=1, routed)           0.000     1.689    system_inst/mmio_inst/bus_inst/load_data_q[1]_i_3_n_0
    SLICE_X54Y11         MUXF7 (Prop_muxf7_I1_O)      0.064     1.753 r  system_inst/mmio_inst/bus_inst/load_data_q_reg[1]_i_1/O
                         net (fo=1, routed)           0.000     1.753    system_inst/cpu_inst/datapath/load_data_q_reg[31]_1[1]
    SLICE_X54Y11         FDRE                                         r  system_inst/cpu_inst/datapath/load_data_q_reg[1]/D
  -------------------------------------------------------------------    -------------------

                         (clock sys_clk_pin rise edge)
                                                      0.000     0.000 r  <hidden>
    W5                                                0.000     0.000 r  clk
                         net (fo=0)                   0.000     0.000    clk
    W5                   IBUF (Prop_ibuf_I_O)         0.414     0.414 r  clk_IBUF_inst/O
                         net (fo=1, routed)           0.685     1.099    clk_IBUF
    BUFGCTRL_X0Y0        BUFG (Prop_bufg_I_O)         0.029     1.128 r  clk_IBUF_BUFG_inst/O
                         net (fo=1666, routed)        0.835     1.962    system_inst/cpu_inst/datapath/clk
    SLICE_X54Y11         FDRE                                         r  system_inst/cpu_inst/datapath/load_data_q_reg[1]/C
                         clock pessimism             -0.502     1.460    <hidden>
    SLICE_X54Y11         FDRE (Hold_fdre_C_D)         0.134     1.594    system_inst/cpu_inst/datapath/load_data_q_reg[1]
  -------------------------------------------------------------------
                         required time                         -1.594    <hidden>
                         arrival time                           1.753    <hidden>
  -------------------------------------------------------------------
                         slack                                  0.159    <hidden>

Slack (MET) :             0.160ns  (arrival time - required time)
  Source:                 system_inst/vga_inputs_inst/u_player1_inputs/gen_inputs[2].u_input_sync/sync_ff1_q_reg/C
                            (rising edge-triggered cell FDRE clocked by sys_clk_pin  {rise@0.000ns fall@5.000ns period=10.000ns})
  Destination:            system_inst/vga_inputs_inst/u_player1_inputs/gen_inputs[2].u_input_sync/sync_ff2_q_reg/D
                            (rising edge-triggered cell FDRE clocked by sys_clk_pin  {rise@0.000ns fall@5.000ns period=10.000ns})
  Path Group:             sys_clk_pin
  Path Type:              Hold (Min at Fast Process Corner)
  Requirement:            0.000ns  (sys_clk_pin rise@0.000ns - sys_clk_pin rise@0.000ns)
  Data Path Delay:        0.220ns  (logic 0.164ns (74.580%)  route 0.056ns (25.420%))
  Logic Levels:           0  
  Clock Path Skew:        0.000ns (DCD - SCD - CPR)
    Destination Clock Delay (DCD):    1.963ns
    Source Clock Delay      (SCD):    1.448ns
    Clock Pessimism Removal (CPR):    0.515ns

    Location             Delay type                Incr(ns)  Path(ns)    Netlist Resource(s)
  -------------------------------------------------------------------    -------------------
                         (clock sys_clk_pin rise edge)
                                                      0.000     0.000 r  <hidden>
    W5                                                0.000     0.000 r  clk
                         net (fo=0)                   0.000     0.000    clk
    W5                   IBUF (Prop_ibuf_I_O)         0.226     0.226 r  clk_IBUF_inst/O
                         net (fo=1, routed)           0.631     0.858    clk_IBUF
    BUFGCTRL_X0Y0        BUFG (Prop_bufg_I_O)         0.026     0.884 r  clk_IBUF_BUFG_inst/O
                         net (fo=1666, routed)        0.565     1.448    system_inst/vga_inputs_inst/u_player1_inputs/gen_inputs[2].u_input_sync/clk
    SLICE_X52Y9          FDRE                                         r  system_inst/vga_inputs_inst/u_player1_inputs/gen_inputs[2].u_input_sync/sync_ff1_q_reg/C
  -------------------------------------------------------------------    -------------------
    SLICE_X52Y9          FDRE (Prop_fdre_C_Q)         0.164     1.612 r  system_inst/vga_inputs_inst/u_player1_inputs/gen_inputs[2].u_input_sync/sync_ff1_q_reg/Q
                         net (fo=1, routed)           0.056     1.668    system_inst/vga_inputs_inst/u_player1_inputs/gen_inputs[2].u_input_sync/sync_ff1_q
    SLICE_X52Y9          FDRE                                         r  system_inst/vga_inputs_inst/u_player1_inputs/gen_inputs[2].u_input_sync/sync_ff2_q_reg/D
  -------------------------------------------------------------------    -------------------

                         (clock sys_clk_pin rise edge)
                                                      0.000     0.000 r  <hidden>
    W5                                                0.000     0.000 r  clk
                         net (fo=0)                   0.000     0.000    clk
    W5                   IBUF (Prop_ibuf_I_O)         0.414     0.414 r  clk_IBUF_inst/O
                         net (fo=1, routed)           0.685     1.099    clk_IBUF
    BUFGCTRL_X0Y0        BUFG (Prop_bufg_I_O)         0.029     1.128 r  clk_IBUF_BUFG_inst/O
                         net (fo=1666, routed)        0.836     1.963    system_inst/vga_inputs_inst/u_player1_inputs/gen_inputs[2].u_input_sync/clk
    SLICE_X52Y9          FDRE                                         r  system_inst/vga_inputs_inst/u_player1_inputs/gen_inputs[2].u_input_sync/sync_ff2_q_reg/C
                         clock pessimism             -0.515     1.448    <hidden>
    SLICE_X52Y9          FDRE (Hold_fdre_C_D)         0.060     1.508    system_inst/vga_inputs_inst/u_player1_inputs/gen_inputs[2].u_input_sync/sync_ff2_q_reg
  -------------------------------------------------------------------
                         required time                         -1.508    <hidden>
                         arrival time                           1.668    <hidden>
  -------------------------------------------------------------------
                         slack                                  0.160    <hidden>

Slack (MET) :             0.162ns  (arrival time - required time)
  Source:                 system_inst/cpu_inst/datapath/next_pc_q_reg[8]/C
                            (rising edge-triggered cell FDRE clocked by sys_clk_pin  {rise@0.000ns fall@5.000ns period=10.000ns})
  Destination:            system_inst/cpu_inst/datapath/pc_q_reg[8]/D
                            (rising edge-triggered cell FDRE clocked by sys_clk_pin  {rise@0.000ns fall@5.000ns period=10.000ns})
  Path Group:             sys_clk_pin
  Path Type:              Hold (Min at Fast Process Corner)
  Requirement:            0.000ns  (sys_clk_pin rise@0.000ns - sys_clk_pin rise@0.000ns)
  Data Path Delay:        0.251ns  (logic 0.141ns (56.174%)  route 0.110ns (43.826%))
  Logic Levels:           0  
  Clock Path Skew:        0.013ns (DCD - SCD - CPR)
    Destination Clock Delay (DCD):    1.950ns
    Source Clock Delay      (SCD):    1.439ns
    Clock Pessimism Removal (CPR):    0.498ns

    Location             Delay type                Incr(ns)  Path(ns)    Netlist Resource(s)
  -------------------------------------------------------------------    -------------------
                         (clock sys_clk_pin rise edge)
                                                      0.000     0.000 r  <hidden>
    W5                                                0.000     0.000 r  clk
                         net (fo=0)                   0.000     0.000    clk
    W5                   IBUF (Prop_ibuf_I_O)         0.226     0.226 r  clk_IBUF_inst/O
                         net (fo=1, routed)           0.631     0.858    clk_IBUF
    BUFGCTRL_X0Y0        BUFG (Prop_bufg_I_O)         0.026     0.884 r  clk_IBUF_BUFG_inst/O
                         net (fo=1666, routed)        0.556     1.439    system_inst/cpu_inst/datapath/clk
    SLICE_X47Y19         FDRE                                         r  system_inst/cpu_inst/datapath/next_pc_q_reg[8]/C
  -------------------------------------------------------------------    -------------------
    SLICE_X47Y19         FDRE (Prop_fdre_C_Q)         0.141     1.580 r  system_inst/cpu_inst/datapath/next_pc_q_reg[8]/Q
                         net (fo=1, routed)           0.110     1.690    system_inst/cpu_inst/datapath/next_pc_q[8]
    SLICE_X47Y20         FDRE                                         r  system_inst/cpu_inst/datapath/pc_q_reg[8]/D
  -------------------------------------------------------------------    -------------------

                         (clock sys_clk_pin rise edge)
                                                      0.000     0.000 r  <hidden>
    W5                                                0.000     0.000 r  clk
                         net (fo=0)                   0.000     0.000    clk
    W5                   IBUF (Prop_ibuf_I_O)         0.414     0.414 r  clk_IBUF_inst/O
                         net (fo=1, routed)           0.685     1.099    clk_IBUF
    BUFGCTRL_X0Y0        BUFG (Prop_bufg_I_O)         0.029     1.128 r  clk_IBUF_BUFG_inst/O
                         net (fo=1666, routed)        0.823     1.950    system_inst/cpu_inst/datapath/clk
    SLICE_X47Y20         FDRE                                         r  system_inst/cpu_inst/datapath/pc_q_reg[8]/C
                         clock pessimism             -0.498     1.452    <hidden>
    SLICE_X47Y20         FDRE (Hold_fdre_C_D)         0.076     1.528    system_inst/cpu_inst/datapath/pc_q_reg[8]
  -------------------------------------------------------------------
                         required time                         -1.528    <hidden>
                         arrival time                           1.690    <hidden>
  -------------------------------------------------------------------
                         slack                                  0.162    <hidden>

Slack (MET) :             0.170ns  (arrival time - required time)
  Source:                 system_inst/cpu_inst/datapath/next_pc_q_reg[3]/C
                            (rising edge-triggered cell FDRE clocked by sys_clk_pin  {rise@0.000ns fall@5.000ns period=10.000ns})
  Destination:            system_inst/cpu_inst/datapath/pc_q_reg[3]/D
                            (rising edge-triggered cell FDRE clocked by sys_clk_pin  {rise@0.000ns fall@5.000ns period=10.000ns})
  Path Group:             sys_clk_pin
  Path Type:              Hold (Min at Fast Process Corner)
  Requirement:            0.000ns  (sys_clk_pin rise@0.000ns - sys_clk_pin rise@0.000ns)
  Data Path Delay:        0.253ns  (logic 0.141ns (55.730%)  route 0.112ns (44.270%))
  Logic Levels:           0  
  Clock Path Skew:        0.013ns (DCD - SCD - CPR)
    Destination Clock Delay (DCD):    1.950ns
    Source Clock Delay      (SCD):    1.439ns
    Clock Pessimism Removal (CPR):    0.498ns

    Location             Delay type                Incr(ns)  Path(ns)    Netlist Resource(s)
  -------------------------------------------------------------------    -------------------
                         (clock sys_clk_pin rise edge)
                                                      0.000     0.000 r  <hidden>
    W5                                                0.000     0.000 r  clk
                         net (fo=0)                   0.000     0.000    clk
    W5                   IBUF (Prop_ibuf_I_O)         0.226     0.226 r  clk_IBUF_inst/O
                         net (fo=1, routed)           0.631     0.858    clk_IBUF
    BUFGCTRL_X0Y0        BUFG (Prop_bufg_I_O)         0.026     0.884 r  clk_IBUF_BUFG_inst/O
                         net (fo=1666, routed)        0.556     1.439    system_inst/cpu_inst/datapath/clk
    SLICE_X47Y19         FDRE                                         r  system_inst/cpu_inst/datapath/next_pc_q_reg[3]/C
  -------------------------------------------------------------------    -------------------
    SLICE_X47Y19         FDRE (Prop_fdre_C_Q)         0.141     1.580 r  system_inst/cpu_inst/datapath/next_pc_q_reg[3]/Q
                         net (fo=1, routed)           0.112     1.692    system_inst/cpu_inst/datapath/next_pc_q[3]
    SLICE_X47Y20         FDRE                                         r  system_inst/cpu_inst/datapath/pc_q_reg[3]/D
  -------------------------------------------------------------------    -------------------

                         (clock sys_clk_pin rise edge)
                                                      0.000     0.000 r  <hidden>
    W5                                                0.000     0.000 r  clk
                         net (fo=0)                   0.000     0.000    clk
    W5                   IBUF (Prop_ibuf_I_O)         0.414     0.414 r  clk_IBUF_inst/O
                         net (fo=1, routed)           0.685     1.099    clk_IBUF
    BUFGCTRL_X0Y0        BUFG (Prop_bufg_I_O)         0.029     1.128 r  clk_IBUF_BUFG_inst/O
                         net (fo=1666, routed)        0.823     1.950    system_inst/cpu_inst/datapath/clk
    SLICE_X47Y20         FDRE                                         r  system_inst/cpu_inst/datapath/pc_q_reg[3]/C
                         clock pessimism             -0.498     1.452    <hidden>
    SLICE_X47Y20         FDRE (Hold_fdre_C_D)         0.070     1.522    system_inst/cpu_inst/datapath/pc_q_reg[3]
  -------------------------------------------------------------------
                         required time                         -1.522    <hidden>
                         arrival time                           1.692    <hidden>
  -------------------------------------------------------------------
                         slack                                  0.170    <hidden>

Slack (MET) :             0.176ns  (arrival time - required time)
  Source:                 system_inst/cpu_inst/datapath/next_pc_q_reg[20]/C
                            (rising edge-triggered cell FDRE clocked by sys_clk_pin  {rise@0.000ns fall@5.000ns period=10.000ns})
  Destination:            system_inst/cpu_inst/datapath/pc_q_reg[20]/D
                            (rising edge-triggered cell FDRE clocked by sys_clk_pin  {rise@0.000ns fall@5.000ns period=10.000ns})
  Path Group:             sys_clk_pin
  Path Type:              Hold (Min at Fast Process Corner)
  Requirement:            0.000ns  (sys_clk_pin rise@0.000ns - sys_clk_pin rise@0.000ns)
  Data Path Delay:        0.259ns  (logic 0.141ns (54.442%)  route 0.118ns (45.558%))
  Logic Levels:           0  
  Clock Path Skew:        0.013ns (DCD - SCD - CPR)
    Destination Clock Delay (DCD):    1.945ns
    Source Clock Delay      (SCD):    1.434ns
    Clock Pessimism Removal (CPR):    0.498ns

    Location             Delay type                Incr(ns)  Path(ns)    Netlist Resource(s)
  -------------------------------------------------------------------    -------------------
                         (clock sys_clk_pin rise edge)
                                                      0.000     0.000 r  <hidden>
    W5                                                0.000     0.000 r  clk
                         net (fo=0)                   0.000     0.000    clk
    W5                   IBUF (Prop_ibuf_I_O)         0.226     0.226 r  clk_IBUF_inst/O
                         net (fo=1, routed)           0.631     0.858    clk_IBUF
    BUFGCTRL_X0Y0        BUFG (Prop_bufg_I_O)         0.026     0.884 r  clk_IBUF_BUFG_inst/O
                         net (fo=1666, routed)        0.551     1.434    system_inst/cpu_inst/datapath/clk
    SLICE_X44Y24         FDRE                                         r  system_inst/cpu_inst/datapath/next_pc_q_reg[20]/C
  -------------------------------------------------------------------    -------------------
    SLICE_X44Y24         FDRE (Prop_fdre_C_Q)         0.141     1.575 r  system_inst/cpu_inst/datapath/next_pc_q_reg[20]/Q
                         net (fo=1, routed)           0.118     1.693    system_inst/cpu_inst/datapath/next_pc_q[20]
    SLICE_X45Y24         FDRE                                         r  system_inst/cpu_inst/datapath/pc_q_reg[20]/D
  -------------------------------------------------------------------    -------------------

                         (clock sys_clk_pin rise edge)
                                                      0.000     0.000 r  <hidden>
    W5                                                0.000     0.000 r  clk
                         net (fo=0)                   0.000     0.000    clk
    W5                   IBUF (Prop_ibuf_I_O)         0.414     0.414 r  clk_IBUF_inst/O
                         net (fo=1, routed)           0.685     1.099    clk_IBUF
    BUFGCTRL_X0Y0        BUFG (Prop_bufg_I_O)         0.029     1.128 r  clk_IBUF_BUFG_inst/O
                         net (fo=1666, routed)        0.818     1.945    system_inst/cpu_inst/datapath/clk
    SLICE_X45Y24         FDRE                                         r  system_inst/cpu_inst/datapath/pc_q_reg[20]/C
                         clock pessimism             -0.498     1.447    <hidden>
    SLICE_X45Y24         FDRE (Hold_fdre_C_D)         0.070     1.517    system_inst/cpu_inst/datapath/pc_q_reg[20]
  -------------------------------------------------------------------
                         required time                         -1.517    <hidden>
                         arrival time                           1.693    <hidden>
  -------------------------------------------------------------------
                         slack                                  0.176    <hidden>

Slack (MET) :             0.177ns  (arrival time - required time)
  Source:                 system_inst/mmio_inst/uart_inst/rx_core/data_o_reg[0]/C
                            (rising edge-triggered cell FDRE clocked by sys_clk_pin  {rise@0.000ns fall@5.000ns period=10.000ns})
  Destination:            system_inst/mmio_inst/uart_inst/rx_data_q_reg[0]/D
                            (rising edge-triggered cell FDRE clocked by sys_clk_pin  {rise@0.000ns fall@5.000ns period=10.000ns})
  Path Group:             sys_clk_pin
  Path Type:              Hold (Min at Fast Process Corner)
  Requirement:            0.000ns  (sys_clk_pin rise@0.000ns - sys_clk_pin rise@0.000ns)
  Data Path Delay:        0.263ns  (logic 0.164ns (62.300%)  route 0.099ns (37.700%))
  Logic Levels:           0  
  Clock Path Skew:        0.016ns (DCD - SCD - CPR)
    Destination Clock Delay (DCD):    1.990ns
    Source Clock Delay      (SCD):    1.476ns
    Clock Pessimism Removal (CPR):    0.498ns

    Location             Delay type                Incr(ns)  Path(ns)    Netlist Resource(s)
  -------------------------------------------------------------------    -------------------
                         (clock sys_clk_pin rise edge)
                                                      0.000     0.000 r  <hidden>
    W5                                                0.000     0.000 r  clk
                         net (fo=0)                   0.000     0.000    clk
    W5                   IBUF (Prop_ibuf_I_O)         0.226     0.226 r  clk_IBUF_inst/O
                         net (fo=1, routed)           0.631     0.858    clk_IBUF
    BUFGCTRL_X0Y0        BUFG (Prop_bufg_I_O)         0.026     0.884 r  clk_IBUF_BUFG_inst/O
                         net (fo=1666, routed)        0.593     1.476    system_inst/mmio_inst/uart_inst/rx_core/clk
    SLICE_X60Y8          FDRE                                         r  system_inst/mmio_inst/uart_inst/rx_core/data_o_reg[0]/C
  -------------------------------------------------------------------    -------------------
    SLICE_X60Y8          FDRE (Prop_fdre_C_Q)         0.164     1.640 r  system_inst/mmio_inst/uart_inst/rx_core/data_o_reg[0]/Q
                         net (fo=1, routed)           0.099     1.739    system_inst/mmio_inst/uart_inst/data_o[0]
    SLICE_X59Y9          FDRE                                         r  system_inst/mmio_inst/uart_inst/rx_data_q_reg[0]/D
  -------------------------------------------------------------------    -------------------

                         (clock sys_clk_pin rise edge)
                                                      0.000     0.000 r  <hidden>
    W5                                                0.000     0.000 r  clk
                         net (fo=0)                   0.000     0.000    clk
    W5                   IBUF (Prop_ibuf_I_O)         0.414     0.414 r  clk_IBUF_inst/O
                         net (fo=1, routed)           0.685     1.099    clk_IBUF
    BUFGCTRL_X0Y0        BUFG (Prop_bufg_I_O)         0.029     1.128 r  clk_IBUF_BUFG_inst/O
                         net (fo=1666, routed)        0.863     1.990    system_inst/mmio_inst/uart_inst/clk
    SLICE_X59Y9          FDRE                                         r  system_inst/mmio_inst/uart_inst/rx_data_q_reg[0]/C
                         clock pessimism             -0.498     1.492    <hidden>
    SLICE_X59Y9          FDRE (Hold_fdre_C_D)         0.070     1.562    system_inst/mmio_inst/uart_inst/rx_data_q_reg[0]
  -------------------------------------------------------------------
                         required time                         -1.562    <hidden>
                         arrival time                           1.739    <hidden>
  -------------------------------------------------------------------
                         slack                                  0.177    <hidden>





Pulse Width Checks
--------------------------------------------------------------------------------------
Clock Name:         sys_clk_pin
Waveform(ns):       { 0.000 5.000 }
Period(ns):         10.000
Sources:            { clk }

Check Type        Corner  Lib Pin             Reference Pin  Required(ns)  Actual(ns)  Slack(ns)  Location         Pin
Min Period        n/a     RAMB36E1/CLKARDCLK  n/a            2.944         10.000      7.056      RAMB36_X1Y1      system_inst/vga_inputs_inst/u_video_memory/memory_reg/CLKARDCLK
Min Period        n/a     RAMB36E1/CLKARDCLK  n/a            2.576         10.000      7.424      RAMB36_X1Y2      system_inst/mmio_inst/ram_inst/memory_reg/CLKARDCLK
Min Period        n/a     RAMB36E1/CLKARDCLK  n/a            2.576         10.000      7.424      RAMB36_X1Y3      system_inst/program_rom_inst/rdata_o_reg_0/CLKARDCLK
Min Period        n/a     RAMB36E1/CLKARDCLK  n/a            2.576         10.000      7.424      RAMB36_X1Y4      system_inst/program_rom_inst/rdata_o_reg_1/CLKARDCLK
Min Period        n/a     BUFG/I              n/a            2.155         10.000      7.845      BUFGCTRL_X0Y0    clk_IBUF_BUFG_inst/I
Min Period        n/a     MMCME2_ADV/CLKIN1   n/a            1.249         10.000      8.751      MMCME2_ADV_X1Y0  system_inst/vga_inputs_inst/u_pixel_clock/u_pixel_clock_wiz/inst/mmcm_adv_inst/CLKIN1
Min Period        n/a     FDRE/C              n/a            1.000         10.000      9.000      SLICE_X57Y13     reset_pipe_q_reg[0]/C
Min Period        n/a     FDRE/C              n/a            1.000         10.000      9.000      SLICE_X57Y13     reset_pipe_q_reg[1]/C
Min Period        n/a     FDRE/C              n/a            1.000         10.000      9.000      SLICE_X55Y20     system_inst/cpu_inst/alu_a_sel_reg[0]/C
Min Period        n/a     FDRE/C              n/a            1.000         10.000      9.000      SLICE_X55Y25     system_inst/cpu_inst/alu_a_sel_reg[1]/C
Max Period        n/a     MMCME2_ADV/CLKIN1   n/a            100.000       10.000      90.000     MMCME2_ADV_X1Y0  system_inst/vga_inputs_inst/u_pixel_clock/u_pixel_clock_wiz/inst/mmcm_adv_inst/CLKIN1
Low Pulse Width   Slow    MMCME2_ADV/CLKIN1   n/a            2.000         5.000       3.000      MMCME2_ADV_X1Y0  system_inst/vga_inputs_inst/u_pixel_clock/u_pixel_clock_wiz/inst/mmcm_adv_inst/CLKIN1
Low Pulse Width   Fast    MMCME2_ADV/CLKIN1   n/a            2.000         5.000       3.000      MMCME2_ADV_X1Y0  system_inst/vga_inputs_inst/u_pixel_clock/u_pixel_clock_wiz/inst/mmcm_adv_inst/CLKIN1
Low Pulse Width   Slow    FDRE/C              n/a            0.500         5.000       4.500      SLICE_X57Y13     reset_pipe_q_reg[0]/C
Low Pulse Width   Fast    FDRE/C              n/a            0.500         5.000       4.500      SLICE_X57Y13     reset_pipe_q_reg[0]/C
Low Pulse Width   Slow    FDRE/C              n/a            0.500         5.000       4.500      SLICE_X57Y13     reset_pipe_q_reg[1]/C
Low Pulse Width   Fast    FDRE/C              n/a            0.500         5.000       4.500      SLICE_X57Y13     reset_pipe_q_reg[1]/C
Low Pulse Width   Slow    FDRE/C              n/a            0.500         5.000       4.500      SLICE_X55Y20     system_inst/cpu_inst/alu_a_sel_reg[0]/C
Low Pulse Width   Fast    FDRE/C              n/a            0.500         5.000       4.500      SLICE_X55Y20     system_inst/cpu_inst/alu_a_sel_reg[0]/C
Low Pulse Width   Slow    FDRE/C              n/a            0.500         5.000       4.500      SLICE_X55Y25     system_inst/cpu_inst/alu_a_sel_reg[1]/C
Low Pulse Width   Fast    FDRE/C              n/a            0.500         5.000       4.500      SLICE_X55Y25     system_inst/cpu_inst/alu_a_sel_reg[1]/C
High Pulse Width  Slow    MMCME2_ADV/CLKIN1   n/a            2.000         5.000       3.000      MMCME2_ADV_X1Y0  system_inst/vga_inputs_inst/u_pixel_clock/u_pixel_clock_wiz/inst/mmcm_adv_inst/CLKIN1
High Pulse Width  Fast    MMCME2_ADV/CLKIN1   n/a            2.000         5.000       3.000      MMCME2_ADV_X1Y0  system_inst/vga_inputs_inst/u_pixel_clock/u_pixel_clock_wiz/inst/mmcm_adv_inst/CLKIN1
High Pulse Width  Slow    FDRE/C              n/a            0.500         5.000       4.500      SLICE_X57Y13     reset_pipe_q_reg[0]/C
High Pulse Width  Fast    FDRE/C              n/a            0.500         5.000       4.500      SLICE_X57Y13     reset_pipe_q_reg[0]/C
High Pulse Width  Slow    FDRE/C              n/a            0.500         5.000       4.500      SLICE_X57Y13     reset_pipe_q_reg[1]/C
High Pulse Width  Fast    FDRE/C              n/a            0.500         5.000       4.500      SLICE_X57Y13     reset_pipe_q_reg[1]/C
High Pulse Width  Slow    FDRE/C              n/a            0.500         5.000       4.500      SLICE_X55Y20     system_inst/cpu_inst/alu_a_sel_reg[0]/C
High Pulse Width  Fast    FDRE/C              n/a            0.500         5.000       4.500      SLICE_X55Y20     system_inst/cpu_inst/alu_a_sel_reg[0]/C
High Pulse Width  Slow    FDRE/C              n/a            0.500         5.000       4.500      SLICE_X55Y25     system_inst/cpu_inst/alu_a_sel_reg[1]/C
High Pulse Width  Fast    FDRE/C              n/a            0.500         5.000       4.500      SLICE_X55Y25     system_inst/cpu_inst/alu_a_sel_reg[1]/C



---------------------------------------------------------------------------------------------------
From Clock:  clk_out1_pixel_clock_wiz
  To Clock:  clk_out1_pixel_clock_wiz

Setup :            0  Failing Endpoints,  Worst Slack       34.309ns,  Total Violation        0.000ns
Hold  :            0  Failing Endpoints,  Worst Slack        0.122ns,  Total Violation        0.000ns
PW    :            0  Failing Endpoints,  Worst Slack       19.500ns,  Total Violation        0.000ns
---------------------------------------------------------------------------------------------------


Max Delay Paths
--------------------------------------------------------------------------------------
Slack (MET) :             34.309ns  (required time - arrival time)
  Source:                 system_inst/vga_inputs_inst/u_vga_timing/h_count_q_reg[7]/C
                            (rising edge-triggered cell FDRE clocked by clk_out1_pixel_clock_wiz  {rise@0.000ns fall@20.000ns period=40.000ns})
  Destination:            system_inst/vga_inputs_inst/u_video_memory/memory_reg/RSTRAMB
                            (rising edge-triggered cell RAMB36E1 clocked by clk_out1_pixel_clock_wiz  {rise@0.000ns fall@20.000ns period=40.000ns})
  Path Group:             clk_out1_pixel_clock_wiz
  Path Type:              Setup (Max at Slow Process Corner)
  Requirement:            40.000ns  (clk_out1_pixel_clock_wiz rise@40.000ns - clk_out1_pixel_clock_wiz rise@0.000ns)
  Data Path Delay:        5.244ns  (logic 1.628ns (31.046%)  route 3.616ns (68.954%))
  Logic Levels:           4  (CARRY4=2 LUT4=1 LUT6=1)
  Clock Path Skew:        0.006ns (DCD - SCD + CPR)
    Destination Clock Delay (DCD):    4.835ns = ( 44.835 - 40.000 ) 
    Source Clock Delay      (SCD):    5.088ns
    Clock Pessimism Removal (CPR):    0.260ns
  Clock Uncertainty:      0.094ns  ((TSJ^2 + DJ^2)^1/2) / 2 + PE
    Total System Jitter     (TSJ):    0.071ns
    Discrete Jitter          (DJ):    0.175ns
    Phase Error              (PE):    0.000ns

    Location             Delay type                Incr(ns)  Path(ns)    Netlist Resource(s)
  -------------------------------------------------------------------    -------------------
                         (clock clk_out1_pixel_clock_wiz rise edge)
                                                      0.000     0.000 r  <hidden>
    W5                                                0.000     0.000 r  clk
                         net (fo=0)                   0.000     0.000    clk
    W5                   IBUF (Prop_ibuf_I_O)         1.458     1.458 r  clk_IBUF_inst/O
                         net (fo=1, routed)           1.967     3.425    clk_IBUF
    BUFGCTRL_X0Y0        BUFG (Prop_bufg_I_O)         0.096     3.521 r  clk_IBUF_BUFG_inst/O
                         net (fo=1666, routed)        1.575     5.096    system_inst/vga_inputs_inst/u_pixel_clock/u_pixel_clock_wiz/inst/clk_in1
    MMCME2_ADV_X1Y0      MMCME2_ADV (Prop_mmcme2_adv_CLKIN1_CLKOUT0)
                                                     -3.333     1.763 r  system_inst/vga_inputs_inst/u_pixel_clock/u_pixel_clock_wiz/inst/mmcm_adv_inst/CLKOUT0
                         net (fo=1, routed)           1.661     3.425    system_inst/vga_inputs_inst/u_pixel_clock/u_pixel_clock_wiz/inst/clk_out1_pixel_clock_wiz
    BUFGCTRL_X0Y1        BUFG (Prop_bufg_I_O)         0.096     3.521 r  system_inst/vga_inputs_inst/u_pixel_clock/u_pixel_clock_wiz/inst/clkout1_buf/O
                         net (fo=32, routed)          1.567     5.088    system_inst/vga_inputs_inst/u_vga_timing/CLK
    SLICE_X44Y3          FDRE                                         r  system_inst/vga_inputs_inst/u_vga_timing/h_count_q_reg[7]/C
  -------------------------------------------------------------------    -------------------
    SLICE_X44Y3          FDRE (Prop_fdre_C_Q)         0.456     5.544 r  system_inst/vga_inputs_inst/u_vga_timing/h_count_q_reg[7]/Q
                         net (fo=18, routed)          1.168     6.712    system_inst/vga_inputs_inst/u_tile_renderer/memory_reg[4]
    SLICE_X43Y4          CARRY4 (Prop_carry4_DI[1]_CO[3])
                                                      0.507     7.219 r  system_inst/vga_inputs_inst/u_tile_renderer/tile_addr_o0__0_carry/CO[3]
                         net (fo=1, routed)           0.000     7.219    system_inst/vga_inputs_inst/u_tile_renderer/tile_addr_o0__0_carry_n_0
    SLICE_X43Y5          CARRY4 (Prop_carry4_CI_O[2])
                                                      0.239     7.458 r  system_inst/vga_inputs_inst/u_tile_renderer/tile_addr_o0__0_carry__0/O[2]
                         net (fo=2, routed)           0.794     8.253    system_inst/vga_inputs_inst/u_vga_timing/tile_addr_o0[6]
    SLICE_X42Y5          LUT6 (Prop_lut6_I4_O)        0.302     8.555 r  system_inst/vga_inputs_inst/u_vga_timing/memory_reg_i_25__0/O
                         net (fo=1, routed)           0.897     9.452    system_inst/vga_inputs_inst/u_vga_timing/memory_reg_i_25__0_n_0
    SLICE_X42Y5          LUT4 (Prop_lut4_I3_O)        0.124     9.576 r  system_inst/vga_inputs_inst/u_vga_timing/memory_reg_i_2__0/O
                         net (fo=1, routed)           0.756    10.332    system_inst/vga_inputs_inst/u_video_memory/memory_reg_1
    RAMB36_X1Y1          RAMB36E1                                     r  system_inst/vga_inputs_inst/u_video_memory/memory_reg/RSTRAMB
  -------------------------------------------------------------------    -------------------

                         (clock clk_out1_pixel_clock_wiz rise edge)
                                                     40.000    40.000 r  <hidden>
    W5                                                0.000    40.000 r  clk
                         net (fo=0)                   0.000    40.000    clk
    W5                   IBUF (Prop_ibuf_I_O)         1.388    41.388 r  clk_IBUF_inst/O
                         net (fo=1, routed)           1.862    43.250    clk_IBUF
    BUFGCTRL_X0Y0        BUFG (Prop_bufg_I_O)         0.091    43.341 r  clk_IBUF_BUFG_inst/O
                         net (fo=1666, routed)        1.457    44.798    system_inst/vga_inputs_inst/u_pixel_clock/u_pixel_clock_wiz/inst/clk_in1
    MMCME2_ADV_X1Y0      MMCME2_ADV (Prop_mmcme2_adv_CLKIN1_CLKOUT0)
                                                     -3.129    41.669 r  system_inst/vga_inputs_inst/u_pixel_clock/u_pixel_clock_wiz/inst/mmcm_adv_inst/CLKOUT0
                         net (fo=1, routed)           1.581    43.250    system_inst/vga_inputs_inst/u_pixel_clock/u_pixel_clock_wiz/inst/clk_out1_pixel_clock_wiz
    BUFGCTRL_X0Y1        BUFG (Prop_bufg_I_O)         0.091    43.341 r  system_inst/vga_inputs_inst/u_pixel_clock/u_pixel_clock_wiz/inst/clkout1_buf/O
                         net (fo=32, routed)          1.494    44.835    system_inst/vga_inputs_inst/u_video_memory/CLK
    RAMB36_X1Y1          RAMB36E1                                     r  system_inst/vga_inputs_inst/u_video_memory/memory_reg/CLKBWRCLK
                         clock pessimism              0.260    45.095    <hidden>
                         clock uncertainty           -0.094    45.000    <hidden>
    RAMB36_X1Y1          RAMB36E1 (Setup_ramb36e1_CLKBWRCLK_RSTRAMB)
                                                     -0.359    44.641    system_inst/vga_inputs_inst/u_video_memory/memory_reg
  -------------------------------------------------------------------
                         required time                         44.641    <hidden>
                         arrival time                         -10.332    <hidden>
  -------------------------------------------------------------------
                         slack                                 34.309    <hidden>

Slack (MET) :             34.838ns  (required time - arrival time)
  Source:                 system_inst/vga_inputs_inst/u_vga_timing/v_count_q_reg[7]/C
                            (rising edge-triggered cell FDRE clocked by clk_out1_pixel_clock_wiz  {rise@0.000ns fall@20.000ns period=40.000ns})
  Destination:            system_inst/vga_inputs_inst/u_video_memory/memory_reg/ADDRBWRADDR[13]
                            (rising edge-triggered cell RAMB36E1 clocked by clk_out1_pixel_clock_wiz  {rise@0.000ns fall@20.000ns period=40.000ns})
  Path Group:             clk_out1_pixel_clock_wiz
  Path Type:              Setup (Max at Slow Process Corner)
  Requirement:            40.000ns  (clk_out1_pixel_clock_wiz rise@40.000ns - clk_out1_pixel_clock_wiz rise@0.000ns)
  Data Path Delay:        4.508ns  (logic 1.389ns (30.813%)  route 3.119ns (69.187%))
  Logic Levels:           3  (CARRY4=1 LUT3=1 LUT6=1)
  Clock Path Skew:        0.006ns (DCD - SCD + CPR)
    Destination Clock Delay (DCD):    4.835ns = ( 44.835 - 40.000 ) 
    Source Clock Delay      (SCD):    5.088ns
    Clock Pessimism Removal (CPR):    0.260ns
  Clock Uncertainty:      0.094ns  ((TSJ^2 + DJ^2)^1/2) / 2 + PE
    Total System Jitter     (TSJ):    0.071ns
    Discrete Jitter          (DJ):    0.175ns
    Phase Error              (PE):    0.000ns

    Location             Delay type                Incr(ns)  Path(ns)    Netlist Resource(s)
  -------------------------------------------------------------------    -------------------
                         (clock clk_out1_pixel_clock_wiz rise edge)
                                                      0.000     0.000 r  <hidden>
    W5                                                0.000     0.000 r  clk
                         net (fo=0)                   0.000     0.000    clk
    W5                   IBUF (Prop_ibuf_I_O)         1.458     1.458 r  clk_IBUF_inst/O
                         net (fo=1, routed)           1.967     3.425    clk_IBUF
    BUFGCTRL_X0Y0        BUFG (Prop_bufg_I_O)         0.096     3.521 r  clk_IBUF_BUFG_inst/O
                         net (fo=1666, routed)        1.575     5.096    system_inst/vga_inputs_inst/u_pixel_clock/u_pixel_clock_wiz/inst/clk_in1
    MMCME2_ADV_X1Y0      MMCME2_ADV (Prop_mmcme2_adv_CLKIN1_CLKOUT0)
                                                     -3.333     1.763 r  system_inst/vga_inputs_inst/u_pixel_clock/u_pixel_clock_wiz/inst/mmcm_adv_inst/CLKOUT0
                         net (fo=1, routed)           1.661     3.425    system_inst/vga_inputs_inst/u_pixel_clock/u_pixel_clock_wiz/inst/clk_out1_pixel_clock_wiz
    BUFGCTRL_X0Y1        BUFG (Prop_bufg_I_O)         0.096     3.521 r  system_inst/vga_inputs_inst/u_pixel_clock/u_pixel_clock_wiz/inst/clkout1_buf/O
                         net (fo=32, routed)          1.567     5.088    system_inst/vga_inputs_inst/u_vga_timing/CLK
    SLICE_X45Y4          FDRE                                         r  system_inst/vga_inputs_inst/u_vga_timing/v_count_q_reg[7]/C
  -------------------------------------------------------------------    -------------------
    SLICE_X45Y4          FDRE (Prop_fdre_C_Q)         0.419     5.507 r  system_inst/vga_inputs_inst/u_vga_timing/v_count_q_reg[7]/Q
                         net (fo=10, routed)          1.022     6.529    system_inst/vga_inputs_inst/u_vga_timing/Q[4]
    SLICE_X43Y5          LUT3 (Prop_lut3_I2_O)        0.296     6.825 r  system_inst/vga_inputs_inst/u_vga_timing/tile_addr_o0__0_carry__0_i_2/O
                         net (fo=1, routed)           0.000     6.825    system_inst/vga_inputs_inst/u_tile_renderer/memory_reg_0[1]
    SLICE_X43Y5          CARRY4 (Prop_carry4_S[1]_CO[3])
                                                      0.550     7.375 r  system_inst/vga_inputs_inst/u_tile_renderer/tile_addr_o0__0_carry__0/CO[3]
                         net (fo=2, routed)           1.279     8.654    system_inst/vga_inputs_inst/u_vga_timing/tile_addr_o0[7]
    SLICE_X44Y5          LUT6 (Prop_lut6_I0_O)        0.124     8.778 r  system_inst/vga_inputs_inst/u_vga_timing/memory_reg_i_12__0/O
                         net (fo=1, routed)           0.818     9.596    system_inst/vga_inputs_inst/u_video_memory/ADDRBWRADDR[8]
    RAMB36_X1Y1          RAMB36E1                                     r  system_inst/vga_inputs_inst/u_video_memory/memory_reg/ADDRBWRADDR[13]
  -------------------------------------------------------------------    -------------------

                         (clock clk_out1_pixel_clock_wiz rise edge)
                                                     40.000    40.000 r  <hidden>
    W5                                                0.000    40.000 r  clk
                         net (fo=0)                   0.000    40.000    clk
    W5                   IBUF (Prop_ibuf_I_O)         1.388    41.388 r  clk_IBUF_inst/O
                         net (fo=1, routed)           1.862    43.250    clk_IBUF
    BUFGCTRL_X0Y0        BUFG (Prop_bufg_I_O)         0.091    43.341 r  clk_IBUF_BUFG_inst/O
                         net (fo=1666, routed)        1.457    44.798    system_inst/vga_inputs_inst/u_pixel_clock/u_pixel_clock_wiz/inst/clk_in1
    MMCME2_ADV_X1Y0      MMCME2_ADV (Prop_mmcme2_adv_CLKIN1_CLKOUT0)
                                                     -3.129    41.669 r  system_inst/vga_inputs_inst/u_pixel_clock/u_pixel_clock_wiz/inst/mmcm_adv_inst/CLKOUT0
                         net (fo=1, routed)           1.581    43.250    system_inst/vga_inputs_inst/u_pixel_clock/u_pixel_clock_wiz/inst/clk_out1_pixel_clock_wiz
    BUFGCTRL_X0Y1        BUFG (Prop_bufg_I_O)         0.091    43.341 r  system_inst/vga_inputs_inst/u_pixel_clock/u_pixel_clock_wiz/inst/clkout1_buf/O
                         net (fo=32, routed)          1.494    44.835    system_inst/vga_inputs_inst/u_video_memory/CLK
    RAMB36_X1Y1          RAMB36E1                                     r  system_inst/vga_inputs_inst/u_video_memory/memory_reg/CLKBWRCLK
                         clock pessimism              0.260    45.095    <hidden>
                         clock uncertainty           -0.094    45.000    <hidden>
    RAMB36_X1Y1          RAMB36E1 (Setup_ramb36e1_CLKBWRCLK_ADDRBWRADDR[13])
                                                     -0.566    44.434    system_inst/vga_inputs_inst/u_video_memory/memory_reg
  -------------------------------------------------------------------
                         required time                         44.434    <hidden>
                         arrival time                          -9.596    <hidden>
  -------------------------------------------------------------------
                         slack                                 34.838    <hidden>

Slack (MET) :             34.962ns  (required time - arrival time)
  Source:                 system_inst/vga_inputs_inst/u_vga_timing/h_count_q_reg[7]/C
                            (rising edge-triggered cell FDRE clocked by clk_out1_pixel_clock_wiz  {rise@0.000ns fall@20.000ns period=40.000ns})
  Destination:            system_inst/vga_inputs_inst/u_video_memory/memory_reg/ADDRBWRADDR[8]
                            (rising edge-triggered cell RAMB36E1 clocked by clk_out1_pixel_clock_wiz  {rise@0.000ns fall@20.000ns period=40.000ns})
  Path Group:             clk_out1_pixel_clock_wiz
  Path Type:              Setup (Max at Slow Process Corner)
  Requirement:            40.000ns  (clk_out1_pixel_clock_wiz rise@40.000ns - clk_out1_pixel_clock_wiz rise@0.000ns)
  Data Path Delay:        4.384ns  (logic 1.295ns (29.539%)  route 3.089ns (70.461%))
  Logic Levels:           2  (CARRY4=1 LUT6=1)
  Clock Path Skew:        0.006ns (DCD - SCD + CPR)
    Destination Clock Delay (DCD):    4.835ns = ( 44.835 - 40.000 ) 
    Source Clock Delay      (SCD):    5.088ns
    Clock Pessimism Removal (CPR):    0.260ns
  Clock Uncertainty:      0.094ns  ((TSJ^2 + DJ^2)^1/2) / 2 + PE
    Total System Jitter     (TSJ):    0.071ns
    Discrete Jitter          (DJ):    0.175ns
    Phase Error              (PE):    0.000ns

    Location             Delay type                Incr(ns)  Path(ns)    Netlist Resource(s)
  -------------------------------------------------------------------    -------------------
                         (clock clk_out1_pixel_clock_wiz rise edge)
                                                      0.000     0.000 r  <hidden>
    W5                                                0.000     0.000 r  clk
                         net (fo=0)                   0.000     0.000    clk
    W5                   IBUF (Prop_ibuf_I_O)         1.458     1.458 r  clk_IBUF_inst/O
                         net (fo=1, routed)           1.967     3.425    clk_IBUF
    BUFGCTRL_X0Y0        BUFG (Prop_bufg_I_O)         0.096     3.521 r  clk_IBUF_BUFG_inst/O
                         net (fo=1666, routed)        1.575     5.096    system_inst/vga_inputs_inst/u_pixel_clock/u_pixel_clock_wiz/inst/clk_in1
    MMCME2_ADV_X1Y0      MMCME2_ADV (Prop_mmcme2_adv_CLKIN1_CLKOUT0)
                                                     -3.333     1.763 r  system_inst/vga_inputs_inst/u_pixel_clock/u_pixel_clock_wiz/inst/mmcm_adv_inst/CLKOUT0
                         net (fo=1, routed)           1.661     3.425    system_inst/vga_inputs_inst/u_pixel_clock/u_pixel_clock_wiz/inst/clk_out1_pixel_clock_wiz
    BUFGCTRL_X0Y1        BUFG (Prop_bufg_I_O)         0.096     3.521 r  system_inst/vga_inputs_inst/u_pixel_clock/u_pixel_clock_wiz/inst/clkout1_buf/O
                         net (fo=32, routed)          1.567     5.088    system_inst/vga_inputs_inst/u_vga_timing/CLK
    SLICE_X44Y3          FDRE                                         r  system_inst/vga_inputs_inst/u_vga_timing/h_count_q_reg[7]/C
  -------------------------------------------------------------------    -------------------
    SLICE_X44Y3          FDRE (Prop_fdre_C_Q)         0.456     5.544 r  system_inst/vga_inputs_inst/u_vga_timing/h_count_q_reg[7]/Q
                         net (fo=18, routed)          1.168     6.712    system_inst/vga_inputs_inst/u_tile_renderer/memory_reg[4]
    SLICE_X43Y4          CARRY4 (Prop_carry4_DI[1]_O[2])
                                                      0.537     7.249 r  system_inst/vga_inputs_inst/u_tile_renderer/tile_addr_o0__0_carry/O[2]
                         net (fo=2, routed)           1.088     8.338    system_inst/vga_inputs_inst/u_vga_timing/tile_addr_o0[2]
    SLICE_X47Y4          LUT6 (Prop_lut6_I0_O)        0.302     8.640 r  system_inst/vga_inputs_inst/u_vga_timing/memory_reg_i_17__0/O
                         net (fo=1, routed)           0.833     9.472    system_inst/vga_inputs_inst/u_video_memory/ADDRBWRADDR[3]
    RAMB36_X1Y1          RAMB36E1                                     r  system_inst/vga_inputs_inst/u_video_memory/memory_reg/ADDRBWRADDR[8]
  -------------------------------------------------------------------    -------------------

                         (clock clk_out1_pixel_clock_wiz rise edge)
                                                     40.000    40.000 r  <hidden>
    W5                                                0.000    40.000 r  clk
                         net (fo=0)                   0.000    40.000    clk
    W5                   IBUF (Prop_ibuf_I_O)         1.388    41.388 r  clk_IBUF_inst/O
                         net (fo=1, routed)           1.862    43.250    clk_IBUF
    BUFGCTRL_X0Y0        BUFG (Prop_bufg_I_O)         0.091    43.341 r  clk_IBUF_BUFG_inst/O
                         net (fo=1666, routed)        1.457    44.798    system_inst/vga_inputs_inst/u_pixel_clock/u_pixel_clock_wiz/inst/clk_in1
    MMCME2_ADV_X1Y0      MMCME2_ADV (Prop_mmcme2_adv_CLKIN1_CLKOUT0)
                                                     -3.129    41.669 r  system_inst/vga_inputs_inst/u_pixel_clock/u_pixel_clock_wiz/inst/mmcm_adv_inst/CLKOUT0
                         net (fo=1, routed)           1.581    43.250    system_inst/vga_inputs_inst/u_pixel_clock/u_pixel_clock_wiz/inst/clk_out1_pixel_clock_wiz
    BUFGCTRL_X0Y1        BUFG (Prop_bufg_I_O)         0.091    43.341 r  system_inst/vga_inputs_inst/u_pixel_clock/u_pixel_clock_wiz/inst/clkout1_buf/O
                         net (fo=32, routed)          1.494    44.835    system_inst/vga_inputs_inst/u_video_memory/CLK
    RAMB36_X1Y1          RAMB36E1                                     r  system_inst/vga_inputs_inst/u_video_memory/memory_reg/CLKBWRCLK
                         clock pessimism              0.260    45.095    <hidden>
                         clock uncertainty           -0.094    45.000    <hidden>
    RAMB36_X1Y1          RAMB36E1 (Setup_ramb36e1_CLKBWRCLK_ADDRBWRADDR[8])
                                                     -0.566    44.434    system_inst/vga_inputs_inst/u_video_memory/memory_reg
  -------------------------------------------------------------------
                         required time                         44.434    <hidden>
                         arrival time                          -9.472    <hidden>
  -------------------------------------------------------------------
                         slack                                 34.962    <hidden>

Slack (MET) :             35.039ns  (required time - arrival time)
  Source:                 system_inst/vga_inputs_inst/u_vga_timing/h_count_q_reg[7]/C
                            (rising edge-triggered cell FDRE clocked by clk_out1_pixel_clock_wiz  {rise@0.000ns fall@20.000ns period=40.000ns})
  Destination:            system_inst/vga_inputs_inst/u_video_memory/memory_reg/ADDRBWRADDR[10]
                            (rising edge-triggered cell RAMB36E1 clocked by clk_out1_pixel_clock_wiz  {rise@0.000ns fall@20.000ns period=40.000ns})
  Path Group:             clk_out1_pixel_clock_wiz
  Path Type:              Setup (Max at Slow Process Corner)
  Requirement:            40.000ns  (clk_out1_pixel_clock_wiz rise@40.000ns - clk_out1_pixel_clock_wiz rise@0.000ns)
  Data Path Delay:        4.307ns  (logic 1.484ns (34.457%)  route 2.823ns (65.543%))
  Logic Levels:           3  (CARRY4=2 LUT6=1)
  Clock Path Skew:        0.006ns (DCD - SCD + CPR)
    Destination Clock Delay (DCD):    4.835ns = ( 44.835 - 40.000 ) 
    Source Clock Delay      (SCD):    5.088ns
    Clock Pessimism Removal (CPR):    0.260ns
  Clock Uncertainty:      0.094ns  ((TSJ^2 + DJ^2)^1/2) / 2 + PE
    Total System Jitter     (TSJ):    0.071ns
    Discrete Jitter          (DJ):    0.175ns
    Phase Error              (PE):    0.000ns

    Location             Delay type                Incr(ns)  Path(ns)    Netlist Resource(s)
  -------------------------------------------------------------------    -------------------
                         (clock clk_out1_pixel_clock_wiz rise edge)
                                                      0.000     0.000 r  <hidden>
    W5                                                0.000     0.000 r  clk
                         net (fo=0)                   0.000     0.000    clk
    W5                   IBUF (Prop_ibuf_I_O)         1.458     1.458 r  clk_IBUF_inst/O
                         net (fo=1, routed)           1.967     3.425    clk_IBUF
    BUFGCTRL_X0Y0        BUFG (Prop_bufg_I_O)         0.096     3.521 r  clk_IBUF_BUFG_inst/O
                         net (fo=1666, routed)        1.575     5.096    system_inst/vga_inputs_inst/u_pixel_clock/u_pixel_clock_wiz/inst/clk_in1
    MMCME2_ADV_X1Y0      MMCME2_ADV (Prop_mmcme2_adv_CLKIN1_CLKOUT0)
                                                     -3.333     1.763 r  system_inst/vga_inputs_inst/u_pixel_clock/u_pixel_clock_wiz/inst/mmcm_adv_inst/CLKOUT0
                         net (fo=1, routed)           1.661     3.425    system_inst/vga_inputs_inst/u_pixel_clock/u_pixel_clock_wiz/inst/clk_out1_pixel_clock_wiz
    BUFGCTRL_X0Y1        BUFG (Prop_bufg_I_O)         0.096     3.521 r  system_inst/vga_inputs_inst/u_pixel_clock/u_pixel_clock_wiz/inst/clkout1_buf/O
                         net (fo=32, routed)          1.567     5.088    system_inst/vga_inputs_inst/u_vga_timing/CLK
    SLICE_X44Y3          FDRE                                         r  system_inst/vga_inputs_inst/u_vga_timing/h_count_q_reg[7]/C
  -------------------------------------------------------------------    -------------------
    SLICE_X44Y3          FDRE (Prop_fdre_C_Q)         0.456     5.544 r  system_inst/vga_inputs_inst/u_vga_timing/h_count_q_reg[7]/Q
                         net (fo=18, routed)          1.168     6.712    system_inst/vga_inputs_inst/u_tile_renderer/memory_reg[4]
    SLICE_X43Y4          CARRY4 (Prop_carry4_DI[1]_CO[3])
                                                      0.507     7.219 r  system_inst/vga_inputs_inst/u_tile_renderer/tile_addr_o0__0_carry/CO[3]
                         net (fo=1, routed)           0.000     7.219    system_inst/vga_inputs_inst/u_tile_renderer/tile_addr_o0__0_carry_n_0
    SLICE_X43Y5          CARRY4 (Prop_carry4_CI_O[0])
                                                      0.222     7.441 r  system_inst/vga_inputs_inst/u_tile_renderer/tile_addr_o0__0_carry__0/O[0]
                         net (fo=2, routed)           0.832     8.273    system_inst/vga_inputs_inst/u_vga_timing/tile_addr_o0[4]
    SLICE_X44Y5          LUT6 (Prop_lut6_I0_O)        0.299     8.572 r  system_inst/vga_inputs_inst/u_vga_timing/memory_reg_i_15__0/O
                         net (fo=1, routed)           0.823     9.395    system_inst/vga_inputs_inst/u_video_memory/ADDRBWRADDR[5]
    RAMB36_X1Y1          RAMB36E1                                     r  system_inst/vga_inputs_inst/u_video_memory/memory_reg/ADDRBWRADDR[10]
  -------------------------------------------------------------------    -------------------

                         (clock clk_out1_pixel_clock_wiz rise edge)
                                                     40.000    40.000 r  <hidden>
    W5                                                0.000    40.000 r  clk
                         net (fo=0)                   0.000    40.000    clk
    W5                   IBUF (Prop_ibuf_I_O)         1.388    41.388 r  clk_IBUF_inst/O
                         net (fo=1, routed)           1.862    43.250    clk_IBUF
    BUFGCTRL_X0Y0        BUFG (Prop_bufg_I_O)         0.091    43.341 r  clk_IBUF_BUFG_inst/O
                         net (fo=1666, routed)        1.457    44.798    system_inst/vga_inputs_inst/u_pixel_clock/u_pixel_clock_wiz/inst/clk_in1
    MMCME2_ADV_X1Y0      MMCME2_ADV (Prop_mmcme2_adv_CLKIN1_CLKOUT0)
                                                     -3.129    41.669 r  system_inst/vga_inputs_inst/u_pixel_clock/u_pixel_clock_wiz/inst/mmcm_adv_inst/CLKOUT0
                         net (fo=1, routed)           1.581    43.250    system_inst/vga_inputs_inst/u_pixel_clock/u_pixel_clock_wiz/inst/clk_out1_pixel_clock_wiz
    BUFGCTRL_X0Y1        BUFG (Prop_bufg_I_O)         0.091    43.341 r  system_inst/vga_inputs_inst/u_pixel_clock/u_pixel_clock_wiz/inst/clkout1_buf/O
                         net (fo=32, routed)          1.494    44.835    system_inst/vga_inputs_inst/u_video_memory/CLK
    RAMB36_X1Y1          RAMB36E1                                     r  system_inst/vga_inputs_inst/u_video_memory/memory_reg/CLKBWRCLK
                         clock pessimism              0.260    45.095    <hidden>
                         clock uncertainty           -0.094    45.000    <hidden>
    RAMB36_X1Y1          RAMB36E1 (Setup_ramb36e1_CLKBWRCLK_ADDRBWRADDR[10])
                                                     -0.566    44.434    system_inst/vga_inputs_inst/u_video_memory/memory_reg
  -------------------------------------------------------------------
                         required time                         44.434    <hidden>
                         arrival time                          -9.395    <hidden>
  -------------------------------------------------------------------
                         slack                                 35.039    <hidden>

Slack (MET) :             35.235ns  (required time - arrival time)
  Source:                 system_inst/vga_inputs_inst/u_vga_timing/h_count_q_reg[7]/C
                            (rising edge-triggered cell FDRE clocked by clk_out1_pixel_clock_wiz  {rise@0.000ns fall@20.000ns period=40.000ns})
  Destination:            system_inst/vga_inputs_inst/u_video_memory/memory_reg/ADDRBWRADDR[12]
                            (rising edge-triggered cell RAMB36E1 clocked by clk_out1_pixel_clock_wiz  {rise@0.000ns fall@20.000ns period=40.000ns})
  Path Group:             clk_out1_pixel_clock_wiz
  Path Type:              Setup (Max at Slow Process Corner)
  Requirement:            40.000ns  (clk_out1_pixel_clock_wiz rise@40.000ns - clk_out1_pixel_clock_wiz rise@0.000ns)
  Data Path Delay:        4.111ns  (logic 1.504ns (36.588%)  route 2.607ns (63.412%))
  Logic Levels:           3  (CARRY4=2 LUT6=1)
  Clock Path Skew:        0.006ns (DCD - SCD + CPR)
    Destination Clock Delay (DCD):    4.835ns = ( 44.835 - 40.000 ) 
    Source Clock Delay      (SCD):    5.088ns
    Clock Pessimism Removal (CPR):    0.260ns
  Clock Uncertainty:      0.094ns  ((TSJ^2 + DJ^2)^1/2) / 2 + PE
    Total System Jitter     (TSJ):    0.071ns
    Discrete Jitter          (DJ):    0.175ns
    Phase Error              (PE):    0.000ns

    Location             Delay type                Incr(ns)  Path(ns)    Netlist Resource(s)
  -------------------------------------------------------------------    -------------------
                         (clock clk_out1_pixel_clock_wiz rise edge)
                                                      0.000     0.000 r  <hidden>
    W5                                                0.000     0.000 r  clk
                         net (fo=0)                   0.000     0.000    clk
    W5                   IBUF (Prop_ibuf_I_O)         1.458     1.458 r  clk_IBUF_inst/O
                         net (fo=1, routed)           1.967     3.425    clk_IBUF
    BUFGCTRL_X0Y0        BUFG (Prop_bufg_I_O)         0.096     3.521 r  clk_IBUF_BUFG_inst/O
                         net (fo=1666, routed)        1.575     5.096    system_inst/vga_inputs_inst/u_pixel_clock/u_pixel_clock_wiz/inst/clk_in1
    MMCME2_ADV_X1Y0      MMCME2_ADV (Prop_mmcme2_adv_CLKIN1_CLKOUT0)
                                                     -3.333     1.763 r  system_inst/vga_inputs_inst/u_pixel_clock/u_pixel_clock_wiz/inst/mmcm_adv_inst/CLKOUT0
                         net (fo=1, routed)           1.661     3.425    system_inst/vga_inputs_inst/u_pixel_clock/u_pixel_clock_wiz/inst/clk_out1_pixel_clock_wiz
    BUFGCTRL_X0Y1        BUFG (Prop_bufg_I_O)         0.096     3.521 r  system_inst/vga_inputs_inst/u_pixel_clock/u_pixel_clock_wiz/inst/clkout1_buf/O
                         net (fo=32, routed)          1.567     5.088    system_inst/vga_inputs_inst/u_vga_timing/CLK
    SLICE_X44Y3          FDRE                                         r  system_inst/vga_inputs_inst/u_vga_timing/h_count_q_reg[7]/C
  -------------------------------------------------------------------    -------------------
    SLICE_X44Y3          FDRE (Prop_fdre_C_Q)         0.456     5.544 r  system_inst/vga_inputs_inst/u_vga_timing/h_count_q_reg[7]/Q
                         net (fo=18, routed)          1.168     6.712    system_inst/vga_inputs_inst/u_tile_renderer/memory_reg[4]
    SLICE_X43Y4          CARRY4 (Prop_carry4_DI[1]_CO[3])
                                                      0.507     7.219 r  system_inst/vga_inputs_inst/u_tile_renderer/tile_addr_o0__0_carry/CO[3]
                         net (fo=1, routed)           0.000     7.219    system_inst/vga_inputs_inst/u_tile_renderer/tile_addr_o0__0_carry_n_0
    SLICE_X43Y5          CARRY4 (Prop_carry4_CI_O[2])
                                                      0.239     7.458 r  system_inst/vga_inputs_inst/u_tile_renderer/tile_addr_o0__0_carry__0/O[2]
                         net (fo=2, routed)           0.507     7.966    system_inst/vga_inputs_inst/u_vga_timing/tile_addr_o0[6]
    SLICE_X42Y5          LUT6 (Prop_lut6_I0_O)        0.302     8.268 r  system_inst/vga_inputs_inst/u_vga_timing/memory_reg_i_13__0/O
                         net (fo=1, routed)           0.931     9.199    system_inst/vga_inputs_inst/u_video_memory/ADDRBWRADDR[7]
    RAMB36_X1Y1          RAMB36E1                                     r  system_inst/vga_inputs_inst/u_video_memory/memory_reg/ADDRBWRADDR[12]
  -------------------------------------------------------------------    -------------------

                         (clock clk_out1_pixel_clock_wiz rise edge)
                                                     40.000    40.000 r  <hidden>
    W5                                                0.000    40.000 r  clk
                         net (fo=0)                   0.000    40.000    clk
    W5                   IBUF (Prop_ibuf_I_O)         1.388    41.388 r  clk_IBUF_inst/O
                         net (fo=1, routed)           1.862    43.250    clk_IBUF
    BUFGCTRL_X0Y0        BUFG (Prop_bufg_I_O)         0.091    43.341 r  clk_IBUF_BUFG_inst/O
                         net (fo=1666, routed)        1.457    44.798    system_inst/vga_inputs_inst/u_pixel_clock/u_pixel_clock_wiz/inst/clk_in1
    MMCME2_ADV_X1Y0      MMCME2_ADV (Prop_mmcme2_adv_CLKIN1_CLKOUT0)
                                                     -3.129    41.669 r  system_inst/vga_inputs_inst/u_pixel_clock/u_pixel_clock_wiz/inst/mmcm_adv_inst/CLKOUT0
                         net (fo=1, routed)           1.581    43.250    system_inst/vga_inputs_inst/u_pixel_clock/u_pixel_clock_wiz/inst/clk_out1_pixel_clock_wiz
    BUFGCTRL_X0Y1        BUFG (Prop_bufg_I_O)         0.091    43.341 r  system_inst/vga_inputs_inst/u_pixel_clock/u_pixel_clock_wiz/inst/clkout1_buf/O
                         net (fo=32, routed)          1.494    44.835    system_inst/vga_inputs_inst/u_video_memory/CLK
    RAMB36_X1Y1          RAMB36E1                                     r  system_inst/vga_inputs_inst/u_video_memory/memory_reg/CLKBWRCLK
                         clock pessimism              0.260    45.095    <hidden>
                         clock uncertainty           -0.094    45.000    <hidden>
    RAMB36_X1Y1          RAMB36E1 (Setup_ramb36e1_CLKBWRCLK_ADDRBWRADDR[12])
                                                     -0.566    44.434    system_inst/vga_inputs_inst/u_video_memory/memory_reg
  -------------------------------------------------------------------
                         required time                         44.434    <hidden>
                         arrival time                          -9.199    <hidden>
  -------------------------------------------------------------------
                         slack                                 35.235    <hidden>

Slack (MET) :             35.290ns  (required time - arrival time)
  Source:                 system_inst/vga_inputs_inst/u_vga_timing/h_count_q_reg[7]/C
                            (rising edge-triggered cell FDRE clocked by clk_out1_pixel_clock_wiz  {rise@0.000ns fall@20.000ns period=40.000ns})
  Destination:            system_inst/vga_inputs_inst/u_video_memory/memory_reg/ADDRBWRADDR[11]
                            (rising edge-triggered cell RAMB36E1 clocked by clk_out1_pixel_clock_wiz  {rise@0.000ns fall@20.000ns period=40.000ns})
  Path Group:             clk_out1_pixel_clock_wiz
  Path Type:              Setup (Max at Slow Process Corner)
  Requirement:            40.000ns  (clk_out1_pixel_clock_wiz rise@40.000ns - clk_out1_pixel_clock_wiz rise@0.000ns)
  Data Path Delay:        4.056ns  (logic 1.600ns (39.444%)  route 2.456ns (60.556%))
  Logic Levels:           3  (CARRY4=2 LUT6=1)
  Clock Path Skew:        0.006ns (DCD - SCD + CPR)
    Destination Clock Delay (DCD):    4.835ns = ( 44.835 - 40.000 ) 
    Source Clock Delay      (SCD):    5.088ns
    Clock Pessimism Removal (CPR):    0.260ns
  Clock Uncertainty:      0.094ns  ((TSJ^2 + DJ^2)^1/2) / 2 + PE
    Total System Jitter     (TSJ):    0.071ns
    Discrete Jitter          (DJ):    0.175ns
    Phase Error              (PE):    0.000ns

    Location             Delay type                Incr(ns)  Path(ns)    Netlist Resource(s)
  -------------------------------------------------------------------    -------------------
                         (clock clk_out1_pixel_clock_wiz rise edge)
                                                      0.000     0.000 r  <hidden>
    W5                                                0.000     0.000 r  clk
                         net (fo=0)                   0.000     0.000    clk
    W5                   IBUF (Prop_ibuf_I_O)         1.458     1.458 r  clk_IBUF_inst/O
                         net (fo=1, routed)           1.967     3.425    clk_IBUF
    BUFGCTRL_X0Y0        BUFG (Prop_bufg_I_O)         0.096     3.521 r  clk_IBUF_BUFG_inst/O
                         net (fo=1666, routed)        1.575     5.096    system_inst/vga_inputs_inst/u_pixel_clock/u_pixel_clock_wiz/inst/clk_in1
    MMCME2_ADV_X1Y0      MMCME2_ADV (Prop_mmcme2_adv_CLKIN1_CLKOUT0)
                                                     -3.333     1.763 r  system_inst/vga_inputs_inst/u_pixel_clock/u_pixel_clock_wiz/inst/mmcm_adv_inst/CLKOUT0
                         net (fo=1, routed)           1.661     3.425    system_inst/vga_inputs_inst/u_pixel_clock/u_pixel_clock_wiz/inst/clk_out1_pixel_clock_wiz
    BUFGCTRL_X0Y1        BUFG (Prop_bufg_I_O)         0.096     3.521 r  system_inst/vga_inputs_inst/u_pixel_clock/u_pixel_clock_wiz/inst/clkout1_buf/O
                         net (fo=32, routed)          1.567     5.088    system_inst/vga_inputs_inst/u_vga_timing/CLK
    SLICE_X44Y3          FDRE                                         r  system_inst/vga_inputs_inst/u_vga_timing/h_count_q_reg[7]/C
  -------------------------------------------------------------------    -------------------
    SLICE_X44Y3          FDRE (Prop_fdre_C_Q)         0.456     5.544 r  system_inst/vga_inputs_inst/u_vga_timing/h_count_q_reg[7]/Q
                         net (fo=18, routed)          1.168     6.712    system_inst/vga_inputs_inst/u_tile_renderer/memory_reg[4]
    SLICE_X43Y4          CARRY4 (Prop_carry4_DI[1]_CO[3])
                                                      0.507     7.219 r  system_inst/vga_inputs_inst/u_tile_renderer/tile_addr_o0__0_carry/CO[3]
                         net (fo=1, routed)           0.000     7.219    system_inst/vga_inputs_inst/u_tile_renderer/tile_addr_o0__0_carry_n_0
    SLICE_X43Y5          CARRY4 (Prop_carry4_CI_O[1])
                                                      0.334     7.553 r  system_inst/vga_inputs_inst/u_tile_renderer/tile_addr_o0__0_carry__0/O[1]
                         net (fo=2, routed)           0.463     8.016    system_inst/vga_inputs_inst/u_vga_timing/tile_addr_o0[5]
    SLICE_X47Y4          LUT6 (Prop_lut6_I0_O)        0.303     8.319 r  system_inst/vga_inputs_inst/u_vga_timing/memory_reg_i_14__0/O
                         net (fo=1, routed)           0.826     9.145    system_inst/vga_inputs_inst/u_video_memory/ADDRBWRADDR[6]
    RAMB36_X1Y1          RAMB36E1                                     r  system_inst/vga_inputs_inst/u_video_memory/memory_reg/ADDRBWRADDR[11]
  -------------------------------------------------------------------    -------------------

                         (clock clk_out1_pixel_clock_wiz rise edge)
                                                     40.000    40.000 r  <hidden>
    W5                                                0.000    40.000 r  clk
                         net (fo=0)                   0.000    40.000    clk
    W5                   IBUF (Prop_ibuf_I_O)         1.388    41.388 r  clk_IBUF_inst/O
                         net (fo=1, routed)           1.862    43.250    clk_IBUF
    BUFGCTRL_X0Y0        BUFG (Prop_bufg_I_O)         0.091    43.341 r  clk_IBUF_BUFG_inst/O
                         net (fo=1666, routed)        1.457    44.798    system_inst/vga_inputs_inst/u_pixel_clock/u_pixel_clock_wiz/inst/clk_in1
    MMCME2_ADV_X1Y0      MMCME2_ADV (Prop_mmcme2_adv_CLKIN1_CLKOUT0)
                                                     -3.129    41.669 r  system_inst/vga_inputs_inst/u_pixel_clock/u_pixel_clock_wiz/inst/mmcm_adv_inst/CLKOUT0
                         net (fo=1, routed)           1.581    43.250    system_inst/vga_inputs_inst/u_pixel_clock/u_pixel_clock_wiz/inst/clk_out1_pixel_clock_wiz
    BUFGCTRL_X0Y1        BUFG (Prop_bufg_I_O)         0.091    43.341 r  system_inst/vga_inputs_inst/u_pixel_clock/u_pixel_clock_wiz/inst/clkout1_buf/O
                         net (fo=32, routed)          1.494    44.835    system_inst/vga_inputs_inst/u_video_memory/CLK
    RAMB36_X1Y1          RAMB36E1                                     r  system_inst/vga_inputs_inst/u_video_memory/memory_reg/CLKBWRCLK
                         clock pessimism              0.260    45.095    <hidden>
                         clock uncertainty           -0.094    45.000    <hidden>
    RAMB36_X1Y1          RAMB36E1 (Setup_ramb36e1_CLKBWRCLK_ADDRBWRADDR[11])
                                                     -0.566    44.434    system_inst/vga_inputs_inst/u_video_memory/memory_reg
  -------------------------------------------------------------------
                         required time                         44.434    <hidden>
                         arrival time                          -9.145    <hidden>
  -------------------------------------------------------------------
                         slack                                 35.290    <hidden>

Slack (MET) :             35.399ns  (required time - arrival time)
  Source:                 system_inst/vga_inputs_inst/u_vga_timing/h_count_q_reg[7]/C
                            (rising edge-triggered cell FDRE clocked by clk_out1_pixel_clock_wiz  {rise@0.000ns fall@20.000ns period=40.000ns})
  Destination:            system_inst/vga_inputs_inst/u_video_memory/memory_reg/ADDRBWRADDR[9]
                            (rising edge-triggered cell RAMB36E1 clocked by clk_out1_pixel_clock_wiz  {rise@0.000ns fall@20.000ns period=40.000ns})
  Path Group:             clk_out1_pixel_clock_wiz
  Path Type:              Setup (Max at Slow Process Corner)
  Requirement:            40.000ns  (clk_out1_pixel_clock_wiz rise@40.000ns - clk_out1_pixel_clock_wiz rise@0.000ns)
  Data Path Delay:        3.947ns  (logic 1.358ns (34.406%)  route 2.589ns (65.594%))
  Logic Levels:           2  (CARRY4=1 LUT6=1)
  Clock Path Skew:        0.006ns (DCD - SCD + CPR)
    Destination Clock Delay (DCD):    4.835ns = ( 44.835 - 40.000 ) 
    Source Clock Delay      (SCD):    5.088ns
    Clock Pessimism Removal (CPR):    0.260ns
  Clock Uncertainty:      0.094ns  ((TSJ^2 + DJ^2)^1/2) / 2 + PE
    Total System Jitter     (TSJ):    0.071ns
    Discrete Jitter          (DJ):    0.175ns
    Phase Error              (PE):    0.000ns

    Location             Delay type                Incr(ns)  Path(ns)    Netlist Resource(s)
  -------------------------------------------------------------------    -------------------
                         (clock clk_out1_pixel_clock_wiz rise edge)
                                                      0.000     0.000 r  <hidden>
    W5                                                0.000     0.000 r  clk
                         net (fo=0)                   0.000     0.000    clk
    W5                   IBUF (Prop_ibuf_I_O)         1.458     1.458 r  clk_IBUF_inst/O
                         net (fo=1, routed)           1.967     3.425    clk_IBUF
    BUFGCTRL_X0Y0        BUFG (Prop_bufg_I_O)         0.096     3.521 r  clk_IBUF_BUFG_inst/O
                         net (fo=1666, routed)        1.575     5.096    system_inst/vga_inputs_inst/u_pixel_clock/u_pixel_clock_wiz/inst/clk_in1
    MMCME2_ADV_X1Y0      MMCME2_ADV (Prop_mmcme2_adv_CLKIN1_CLKOUT0)
                                                     -3.333     1.763 r  system_inst/vga_inputs_inst/u_pixel_clock/u_pixel_clock_wiz/inst/mmcm_adv_inst/CLKOUT0
                         net (fo=1, routed)           1.661     3.425    system_inst/vga_inputs_inst/u_pixel_clock/u_pixel_clock_wiz/inst/clk_out1_pixel_clock_wiz
    BUFGCTRL_X0Y1        BUFG (Prop_bufg_I_O)         0.096     3.521 r  system_inst/vga_inputs_inst/u_pixel_clock/u_pixel_clock_wiz/inst/clkout1_buf/O
                         net (fo=32, routed)          1.567     5.088    system_inst/vga_inputs_inst/u_vga_timing/CLK
    SLICE_X44Y3          FDRE                                         r  system_inst/vga_inputs_inst/u_vga_timing/h_count_q_reg[7]/C
  -------------------------------------------------------------------    -------------------
    SLICE_X44Y3          FDRE (Prop_fdre_C_Q)         0.456     5.544 r  system_inst/vga_inputs_inst/u_vga_timing/h_count_q_reg[7]/Q
                         net (fo=18, routed)          1.168     6.712    system_inst/vga_inputs_inst/u_tile_renderer/memory_reg[4]
    SLICE_X43Y4          CARRY4 (Prop_carry4_DI[1]_O[3])
                                                      0.596     7.308 r  system_inst/vga_inputs_inst/u_tile_renderer/tile_addr_o0__0_carry/O[3]
                         net (fo=2, routed)           0.598     7.906    system_inst/vga_inputs_inst/u_vga_timing/tile_addr_o0[3]
    SLICE_X44Y5          LUT6 (Prop_lut6_I0_O)        0.306     8.212 r  system_inst/vga_inputs_inst/u_vga_timing/memory_reg_i_16__0/O
                         net (fo=1, routed)           0.823     9.035    system_inst/vga_inputs_inst/u_video_memory/ADDRBWRADDR[4]
    RAMB36_X1Y1          RAMB36E1                                     r  system_inst/vga_inputs_inst/u_video_memory/memory_reg/ADDRBWRADDR[9]
  -------------------------------------------------------------------    -------------------

                         (clock clk_out1_pixel_clock_wiz rise edge)
                                                     40.000    40.000 r  <hidden>
    W5                                                0.000    40.000 r  clk
                         net (fo=0)                   0.000    40.000    clk
    W5                   IBUF (Prop_ibuf_I_O)         1.388    41.388 r  clk_IBUF_inst/O
                         net (fo=1, routed)           1.862    43.250    clk_IBUF
    BUFGCTRL_X0Y0        BUFG (Prop_bufg_I_O)         0.091    43.341 r  clk_IBUF_BUFG_inst/O
                         net (fo=1666, routed)        1.457    44.798    system_inst/vga_inputs_inst/u_pixel_clock/u_pixel_clock_wiz/inst/clk_in1
    MMCME2_ADV_X1Y0      MMCME2_ADV (Prop_mmcme2_adv_CLKIN1_CLKOUT0)
                                                     -3.129    41.669 r  system_inst/vga_inputs_inst/u_pixel_clock/u_pixel_clock_wiz/inst/mmcm_adv_inst/CLKOUT0
                         net (fo=1, routed)           1.581    43.250    system_inst/vga_inputs_inst/u_pixel_clock/u_pixel_clock_wiz/inst/clk_out1_pixel_clock_wiz
    BUFGCTRL_X0Y1        BUFG (Prop_bufg_I_O)         0.091    43.341 r  system_inst/vga_inputs_inst/u_pixel_clock/u_pixel_clock_wiz/inst/clkout1_buf/O
                         net (fo=32, routed)          1.494    44.835    system_inst/vga_inputs_inst/u_video_memory/CLK
    RAMB36_X1Y1          RAMB36E1                                     r  system_inst/vga_inputs_inst/u_video_memory/memory_reg/CLKBWRCLK
                         clock pessimism              0.260    45.095    <hidden>
                         clock uncertainty           -0.094    45.000    <hidden>
    RAMB36_X1Y1          RAMB36E1 (Setup_ramb36e1_CLKBWRCLK_ADDRBWRADDR[9])
                                                     -0.566    44.434    system_inst/vga_inputs_inst/u_video_memory/memory_reg
  -------------------------------------------------------------------
                         required time                         44.434    <hidden>
                         arrival time                          -9.035    <hidden>
  -------------------------------------------------------------------
                         slack                                 35.399    <hidden>

Slack (MET) :             35.580ns  (required time - arrival time)
  Source:                 system_inst/vga_inputs_inst/u_vga_timing/v_count_q_reg[5]/C
                            (rising edge-triggered cell FDRE clocked by clk_out1_pixel_clock_wiz  {rise@0.000ns fall@20.000ns period=40.000ns})
  Destination:            system_inst/vga_inputs_inst/u_video_memory/memory_reg/ADDRBWRADDR[7]
                            (rising edge-triggered cell RAMB36E1 clocked by clk_out1_pixel_clock_wiz  {rise@0.000ns fall@20.000ns period=40.000ns})
  Path Group:             clk_out1_pixel_clock_wiz
  Path Type:              Setup (Max at Slow Process Corner)
  Requirement:            40.000ns  (clk_out1_pixel_clock_wiz rise@40.000ns - clk_out1_pixel_clock_wiz rise@0.000ns)
  Data Path Delay:        3.766ns  (logic 1.110ns (29.471%)  route 2.656ns (70.529%))
  Logic Levels:           3  (CARRY4=1 LUT2=1 LUT6=1)
  Clock Path Skew:        0.006ns (DCD - SCD + CPR)
    Destination Clock Delay (DCD):    4.835ns = ( 44.835 - 40.000 ) 
    Source Clock Delay      (SCD):    5.088ns
    Clock Pessimism Removal (CPR):    0.260ns
  Clock Uncertainty:      0.094ns  ((TSJ^2 + DJ^2)^1/2) / 2 + PE
    Total System Jitter     (TSJ):    0.071ns
    Discrete Jitter          (DJ):    0.175ns
    Phase Error              (PE):    0.000ns

    Location             Delay type                Incr(ns)  Path(ns)    Netlist Resource(s)
  -------------------------------------------------------------------    -------------------
                         (clock clk_out1_pixel_clock_wiz rise edge)
                                                      0.000     0.000 r  <hidden>
    W5                                                0.000     0.000 r  clk
                         net (fo=0)                   0.000     0.000    clk
    W5                   IBUF (Prop_ibuf_I_O)         1.458     1.458 r  clk_IBUF_inst/O
                         net (fo=1, routed)           1.967     3.425    clk_IBUF
    BUFGCTRL_X0Y0        BUFG (Prop_bufg_I_O)         0.096     3.521 r  clk_IBUF_BUFG_inst/O
                         net (fo=1666, routed)        1.575     5.096    system_inst/vga_inputs_inst/u_pixel_clock/u_pixel_clock_wiz/inst/clk_in1
    MMCME2_ADV_X1Y0      MMCME2_ADV (Prop_mmcme2_adv_CLKIN1_CLKOUT0)
                                                     -3.333     1.763 r  system_inst/vga_inputs_inst/u_pixel_clock/u_pixel_clock_wiz/inst/mmcm_adv_inst/CLKOUT0
                         net (fo=1, routed)           1.661     3.425    system_inst/vga_inputs_inst/u_pixel_clock/u_pixel_clock_wiz/inst/clk_out1_pixel_clock_wiz
    BUFGCTRL_X0Y1        BUFG (Prop_bufg_I_O)         0.096     3.521 r  system_inst/vga_inputs_inst/u_pixel_clock/u_pixel_clock_wiz/inst/clkout1_buf/O
                         net (fo=32, routed)          1.567     5.088    system_inst/vga_inputs_inst/u_vga_timing/CLK
    SLICE_X45Y4          FDRE                                         r  system_inst/vga_inputs_inst/u_vga_timing/v_count_q_reg[5]/C
  -------------------------------------------------------------------    -------------------
    SLICE_X45Y4          FDRE (Prop_fdre_C_Q)         0.456     5.544 r  system_inst/vga_inputs_inst/u_vga_timing/v_count_q_reg[5]/Q
                         net (fo=9, routed)           0.849     6.393    system_inst/vga_inputs_inst/u_vga_timing/Q[3]
    SLICE_X43Y4          LUT2 (Prop_lut2_I1_O)        0.124     6.517 r  system_inst/vga_inputs_inst/u_vga_timing/tile_addr_o0__0_carry_i_3/O
                         net (fo=1, routed)           0.000     6.517    system_inst/vga_inputs_inst/u_tile_renderer/S[0]
    SLICE_X43Y4          CARRY4 (Prop_carry4_S[1]_O[1])
                                                      0.227     6.744 r  system_inst/vga_inputs_inst/u_tile_renderer/tile_addr_o0__0_carry/O[1]
                         net (fo=2, routed)           0.978     7.722    system_inst/vga_inputs_inst/u_vga_timing/tile_addr_o0[1]
    SLICE_X46Y5          LUT6 (Prop_lut6_I0_O)        0.303     8.025 r  system_inst/vga_inputs_inst/u_vga_timing/memory_reg_i_18__0/O
                         net (fo=1, routed)           0.830     8.855    system_inst/vga_inputs_inst/u_video_memory/ADDRBWRADDR[2]
    RAMB36_X1Y1          RAMB36E1                                     r  system_inst/vga_inputs_inst/u_video_memory/memory_reg/ADDRBWRADDR[7]
  -------------------------------------------------------------------    -------------------

                         (clock clk_out1_pixel_clock_wiz rise edge)
                                                     40.000    40.000 r  <hidden>
    W5                                                0.000    40.000 r  clk
                         net (fo=0)                   0.000    40.000    clk
    W5                   IBUF (Prop_ibuf_I_O)         1.388    41.388 r  clk_IBUF_inst/O
                         net (fo=1, routed)           1.862    43.250    clk_IBUF
    BUFGCTRL_X0Y0        BUFG (Prop_bufg_I_O)         0.091    43.341 r  clk_IBUF_BUFG_inst/O
                         net (fo=1666, routed)        1.457    44.798    system_inst/vga_inputs_inst/u_pixel_clock/u_pixel_clock_wiz/inst/clk_in1
    MMCME2_ADV_X1Y0      MMCME2_ADV (Prop_mmcme2_adv_CLKIN1_CLKOUT0)
                                                     -3.129    41.669 r  system_inst/vga_inputs_inst/u_pixel_clock/u_pixel_clock_wiz/inst/mmcm_adv_inst/CLKOUT0
                         net (fo=1, routed)           1.581    43.250    system_inst/vga_inputs_inst/u_pixel_clock/u_pixel_clock_wiz/inst/clk_out1_pixel_clock_wiz
    BUFGCTRL_X0Y1        BUFG (Prop_bufg_I_O)         0.091    43.341 r  system_inst/vga_inputs_inst/u_pixel_clock/u_pixel_clock_wiz/inst/clkout1_buf/O
                         net (fo=32, routed)          1.494    44.835    system_inst/vga_inputs_inst/u_video_memory/CLK
    RAMB36_X1Y1          RAMB36E1                                     r  system_inst/vga_inputs_inst/u_video_memory/memory_reg/CLKBWRCLK
                         clock pessimism              0.260    45.095    <hidden>
                         clock uncertainty           -0.094    45.000    <hidden>
    RAMB36_X1Y1          RAMB36E1 (Setup_ramb36e1_CLKBWRCLK_ADDRBWRADDR[7])
                                                     -0.566    44.434    system_inst/vga_inputs_inst/u_video_memory/memory_reg
  -------------------------------------------------------------------
                         required time                         44.434    <hidden>
                         arrival time                          -8.855    <hidden>
  -------------------------------------------------------------------
                         slack                                 35.580    <hidden>

Slack (MET) :             35.598ns  (required time - arrival time)
  Source:                 system_inst/vga_inputs_inst/u_vga_timing/h_count_q_reg[3]/C
                            (rising edge-triggered cell FDRE clocked by clk_out1_pixel_clock_wiz  {rise@0.000ns fall@20.000ns period=40.000ns})
  Destination:            system_inst/vga_inputs_inst/u_vga_timing/h_count_q_reg[0]/R
                            (rising edge-triggered cell FDRE clocked by clk_out1_pixel_clock_wiz  {rise@0.000ns fall@20.000ns period=40.000ns})
  Path Group:             clk_out1_pixel_clock_wiz
  Path Type:              Setup (Max at Slow Process Corner)
  Requirement:            40.000ns  (clk_out1_pixel_clock_wiz rise@40.000ns - clk_out1_pixel_clock_wiz rise@0.000ns)
  Data Path Delay:        3.783ns  (logic 1.263ns (33.384%)  route 2.520ns (66.616%))
  Logic Levels:           3  (LUT2=1 LUT5=1 LUT6=1)
  Clock Path Skew:        0.000ns (DCD - SCD + CPR)
    Destination Clock Delay (DCD):    4.789ns = ( 44.789 - 40.000 ) 
    Source Clock Delay      (SCD):    5.088ns
    Clock Pessimism Removal (CPR):    0.299ns
  Clock Uncertainty:      0.094ns  ((TSJ^2 + DJ^2)^1/2) / 2 + PE
    Total System Jitter     (TSJ):    0.071ns
    Discrete Jitter          (DJ):    0.175ns
    Phase Error              (PE):    0.000ns

    Location             Delay type                Incr(ns)  Path(ns)    Netlist Resource(s)
  -------------------------------------------------------------------    -------------------
                         (clock clk_out1_pixel_clock_wiz rise edge)
                                                      0.000     0.000 r  <hidden>
    W5                                                0.000     0.000 r  clk
                         net (fo=0)                   0.000     0.000    clk
    W5                   IBUF (Prop_ibuf_I_O)         1.458     1.458 r  clk_IBUF_inst/O
                         net (fo=1, routed)           1.967     3.425    clk_IBUF
    BUFGCTRL_X0Y0        BUFG (Prop_bufg_I_O)         0.096     3.521 r  clk_IBUF_BUFG_inst/O
                         net (fo=1666, routed)        1.575     5.096    system_inst/vga_inputs_inst/u_pixel_clock/u_pixel_clock_wiz/inst/clk_in1
    MMCME2_ADV_X1Y0      MMCME2_ADV (Prop_mmcme2_adv_CLKIN1_CLKOUT0)
                                                     -3.333     1.763 r  system_inst/vga_inputs_inst/u_pixel_clock/u_pixel_clock_wiz/inst/mmcm_adv_inst/CLKOUT0
                         net (fo=1, routed)           1.661     3.425    system_inst/vga_inputs_inst/u_pixel_clock/u_pixel_clock_wiz/inst/clk_out1_pixel_clock_wiz
    BUFGCTRL_X0Y1        BUFG (Prop_bufg_I_O)         0.096     3.521 r  system_inst/vga_inputs_inst/u_pixel_clock/u_pixel_clock_wiz/inst/clkout1_buf/O
                         net (fo=32, routed)          1.567     5.088    system_inst/vga_inputs_inst/u_vga_timing/CLK
    SLICE_X46Y3          FDRE                                         r  system_inst/vga_inputs_inst/u_vga_timing/h_count_q_reg[3]/C
  -------------------------------------------------------------------    -------------------
    SLICE_X46Y3          FDRE (Prop_fdre_C_Q)         0.478     5.566 r  system_inst/vga_inputs_inst/u_vga_timing/h_count_q_reg[3]/Q
                         net (fo=5, routed)           0.988     6.554    system_inst/vga_inputs_inst/u_vga_timing/h_count_q_reg[8]_0[1]
    SLICE_X46Y3          LUT5 (Prop_lut5_I0_O)        0.330     6.884 r  system_inst/vga_inputs_inst/u_vga_timing/v_count_q[9]_i_3/O
                         net (fo=5, routed)           0.515     7.399    system_inst/vga_inputs_inst/u_vga_timing/v_count_q[9]_i_3_n_0
    SLICE_X44Y3          LUT6 (Prop_lut6_I5_O)        0.331     7.730 r  system_inst/vga_inputs_inst/u_vga_timing/v_count_q[9]_i_1/O
                         net (fo=11, routed)          0.458     8.188    system_inst/vga_inputs_inst/u_vga_timing/v_count_q[0]
    SLICE_X44Y3          LUT2 (Prop_lut2_I0_O)        0.124     8.312 r  system_inst/vga_inputs_inst/u_vga_timing/h_count_q[9]_i_1/O
                         net (fo=10, routed)          0.559     8.872    system_inst/vga_inputs_inst/u_vga_timing/h_count_q[9]_i_1_n_0
    SLICE_X46Y3          FDRE                                         r  system_inst/vga_inputs_inst/u_vga_timing/h_count_q_reg[0]/R
  -------------------------------------------------------------------    -------------------

                         (clock clk_out1_pixel_clock_wiz rise edge)
                                                     40.000    40.000 r  <hidden>
    W5                                                0.000    40.000 r  clk
                         net (fo=0)                   0.000    40.000    clk
    W5                   IBUF (Prop_ibuf_I_O)         1.388    41.388 r  clk_IBUF_inst/O
                         net (fo=1, routed)           1.862    43.250    clk_IBUF
    BUFGCTRL_X0Y0        BUFG (Prop_bufg_I_O)         0.091    43.341 r  clk_IBUF_BUFG_inst/O
                         net (fo=1666, routed)        1.457    44.798    system_inst/vga_inputs_inst/u_pixel_clock/u_pixel_clock_wiz/inst/clk_in1
    MMCME2_ADV_X1Y0      MMCME2_ADV (Prop_mmcme2_adv_CLKIN1_CLKOUT0)
                                                     -3.129    41.669 r  system_inst/vga_inputs_inst/u_pixel_clock/u_pixel_clock_wiz/inst/mmcm_adv_inst/CLKOUT0
                         net (fo=1, routed)           1.581    43.250    system_inst/vga_inputs_inst/u_pixel_clock/u_pixel_clock_wiz/inst/clk_out1_pixel_clock_wiz
    BUFGCTRL_X0Y1        BUFG (Prop_bufg_I_O)         0.091    43.341 r  system_inst/vga_inputs_inst/u_pixel_clock/u_pixel_clock_wiz/inst/clkout1_buf/O
                         net (fo=32, routed)          1.448    44.789    system_inst/vga_inputs_inst/u_vga_timing/CLK
    SLICE_X46Y3          FDRE                                         r  system_inst/vga_inputs_inst/u_vga_timing/h_count_q_reg[0]/C
                         clock pessimism              0.299    45.088    <hidden>
                         clock uncertainty           -0.094    44.994    <hidden>
    SLICE_X46Y3          FDRE (Setup_fdre_C_R)       -0.524    44.470    system_inst/vga_inputs_inst/u_vga_timing/h_count_q_reg[0]
  -------------------------------------------------------------------
                         required time                         44.470    <hidden>
                         arrival time                          -8.872    <hidden>
  -------------------------------------------------------------------
                         slack                                 35.598    <hidden>

Slack (MET) :             35.598ns  (required time - arrival time)
  Source:                 system_inst/vga_inputs_inst/u_vga_timing/h_count_q_reg[3]/C
                            (rising edge-triggered cell FDRE clocked by clk_out1_pixel_clock_wiz  {rise@0.000ns fall@20.000ns period=40.000ns})
  Destination:            system_inst/vga_inputs_inst/u_vga_timing/h_count_q_reg[1]/R
                            (rising edge-triggered cell FDRE clocked by clk_out1_pixel_clock_wiz  {rise@0.000ns fall@20.000ns period=40.000ns})
  Path Group:             clk_out1_pixel_clock_wiz
  Path Type:              Setup (Max at Slow Process Corner)
  Requirement:            40.000ns  (clk_out1_pixel_clock_wiz rise@40.000ns - clk_out1_pixel_clock_wiz rise@0.000ns)
  Data Path Delay:        3.783ns  (logic 1.263ns (33.384%)  route 2.520ns (66.616%))
  Logic Levels:           3  (LUT2=1 LUT5=1 LUT6=1)
  Clock Path Skew:        0.000ns (DCD - SCD + CPR)
    Destination Clock Delay (DCD):    4.789ns = ( 44.789 - 40.000 ) 
    Source Clock Delay      (SCD):    5.088ns
    Clock Pessimism Removal (CPR):    0.299ns
  Clock Uncertainty:      0.094ns  ((TSJ^2 + DJ^2)^1/2) / 2 + PE
    Total System Jitter     (TSJ):    0.071ns
    Discrete Jitter          (DJ):    0.175ns
    Phase Error              (PE):    0.000ns

    Location             Delay type                Incr(ns)  Path(ns)    Netlist Resource(s)
  -------------------------------------------------------------------    -------------------
                         (clock clk_out1_pixel_clock_wiz rise edge)
                                                      0.000     0.000 r  <hidden>
    W5                                                0.000     0.000 r  clk
                         net (fo=0)                   0.000     0.000    clk
    W5                   IBUF (Prop_ibuf_I_O)         1.458     1.458 r  clk_IBUF_inst/O
                         net (fo=1, routed)           1.967     3.425    clk_IBUF
    BUFGCTRL_X0Y0        BUFG (Prop_bufg_I_O)         0.096     3.521 r  clk_IBUF_BUFG_inst/O
                         net (fo=1666, routed)        1.575     5.096    system_inst/vga_inputs_inst/u_pixel_clock/u_pixel_clock_wiz/inst/clk_in1
    MMCME2_ADV_X1Y0      MMCME2_ADV (Prop_mmcme2_adv_CLKIN1_CLKOUT0)
                                                     -3.333     1.763 r  system_inst/vga_inputs_inst/u_pixel_clock/u_pixel_clock_wiz/inst/mmcm_adv_inst/CLKOUT0
                         net (fo=1, routed)           1.661     3.425    system_inst/vga_inputs_inst/u_pixel_clock/u_pixel_clock_wiz/inst/clk_out1_pixel_clock_wiz
    BUFGCTRL_X0Y1        BUFG (Prop_bufg_I_O)         0.096     3.521 r  system_inst/vga_inputs_inst/u_pixel_clock/u_pixel_clock_wiz/inst/clkout1_buf/O
                         net (fo=32, routed)          1.567     5.088    system_inst/vga_inputs_inst/u_vga_timing/CLK
    SLICE_X46Y3          FDRE                                         r  system_inst/vga_inputs_inst/u_vga_timing/h_count_q_reg[3]/C
  -------------------------------------------------------------------    -------------------
    SLICE_X46Y3          FDRE (Prop_fdre_C_Q)         0.478     5.566 r  system_inst/vga_inputs_inst/u_vga_timing/h_count_q_reg[3]/Q
                         net (fo=5, routed)           0.988     6.554    system_inst/vga_inputs_inst/u_vga_timing/h_count_q_reg[8]_0[1]
    SLICE_X46Y3          LUT5 (Prop_lut5_I0_O)        0.330     6.884 r  system_inst/vga_inputs_inst/u_vga_timing/v_count_q[9]_i_3/O
                         net (fo=5, routed)           0.515     7.399    system_inst/vga_inputs_inst/u_vga_timing/v_count_q[9]_i_3_n_0
    SLICE_X44Y3          LUT6 (Prop_lut6_I5_O)        0.331     7.730 r  system_inst/vga_inputs_inst/u_vga_timing/v_count_q[9]_i_1/O
                         net (fo=11, routed)          0.458     8.188    system_inst/vga_inputs_inst/u_vga_timing/v_count_q[0]
    SLICE_X44Y3          LUT2 (Prop_lut2_I0_O)        0.124     8.312 r  system_inst/vga_inputs_inst/u_vga_timing/h_count_q[9]_i_1/O
                         net (fo=10, routed)          0.559     8.872    system_inst/vga_inputs_inst/u_vga_timing/h_count_q[9]_i_1_n_0
    SLICE_X46Y3          FDRE                                         r  system_inst/vga_inputs_inst/u_vga_timing/h_count_q_reg[1]/R
  -------------------------------------------------------------------    -------------------

                         (clock clk_out1_pixel_clock_wiz rise edge)
                                                     40.000    40.000 r  <hidden>
    W5                                                0.000    40.000 r  clk
                         net (fo=0)                   0.000    40.000    clk
    W5                   IBUF (Prop_ibuf_I_O)         1.388    41.388 r  clk_IBUF_inst/O
                         net (fo=1, routed)           1.862    43.250    clk_IBUF
    BUFGCTRL_X0Y0        BUFG (Prop_bufg_I_O)         0.091    43.341 r  clk_IBUF_BUFG_inst/O
                         net (fo=1666, routed)        1.457    44.798    system_inst/vga_inputs_inst/u_pixel_clock/u_pixel_clock_wiz/inst/clk_in1
    MMCME2_ADV_X1Y0      MMCME2_ADV (Prop_mmcme2_adv_CLKIN1_CLKOUT0)
                                                     -3.129    41.669 r  system_inst/vga_inputs_inst/u_pixel_clock/u_pixel_clock_wiz/inst/mmcm_adv_inst/CLKOUT0
                         net (fo=1, routed)           1.581    43.250    system_inst/vga_inputs_inst/u_pixel_clock/u_pixel_clock_wiz/inst/clk_out1_pixel_clock_wiz
    BUFGCTRL_X0Y1        BUFG (Prop_bufg_I_O)         0.091    43.341 r  system_inst/vga_inputs_inst/u_pixel_clock/u_pixel_clock_wiz/inst/clkout1_buf/O
                         net (fo=32, routed)          1.448    44.789    system_inst/vga_inputs_inst/u_vga_timing/CLK
    SLICE_X46Y3          FDRE                                         r  system_inst/vga_inputs_inst/u_vga_timing/h_count_q_reg[1]/C
                         clock pessimism              0.299    45.088    <hidden>
                         clock uncertainty           -0.094    44.994    <hidden>
    SLICE_X46Y3          FDRE (Setup_fdre_C_R)       -0.524    44.470    system_inst/vga_inputs_inst/u_vga_timing/h_count_q_reg[1]
  -------------------------------------------------------------------
                         required time                         44.470    <hidden>
                         arrival time                          -8.872    <hidden>
  -------------------------------------------------------------------
                         slack                                 35.598    <hidden>





Min Delay Paths
--------------------------------------------------------------------------------------
Slack (MET) :             0.122ns  (arrival time - required time)
  Source:                 system_inst/vga_inputs_inst/u_pixel_reset_sync/reset_pipe_q_reg[0]/C
                            (rising edge-triggered cell FDPE clocked by clk_out1_pixel_clock_wiz  {rise@0.000ns fall@20.000ns period=40.000ns})
  Destination:            system_inst/vga_inputs_inst/u_pixel_reset_sync/reset_pipe_q_reg[1]/D
                            (rising edge-triggered cell FDPE clocked by clk_out1_pixel_clock_wiz  {rise@0.000ns fall@20.000ns period=40.000ns})
  Path Group:             clk_out1_pixel_clock_wiz
  Path Type:              Hold (Min at Fast Process Corner)
  Requirement:            0.000ns  (clk_out1_pixel_clock_wiz rise@0.000ns - clk_out1_pixel_clock_wiz rise@0.000ns)
  Data Path Delay:        0.197ns  (logic 0.141ns (71.611%)  route 0.056ns (28.389%))
  Logic Levels:           0  
  Clock Path Skew:        0.000ns (DCD - SCD - CPR)
    Destination Clock Delay (DCD):    1.964ns
    Source Clock Delay      (SCD):    1.449ns
    Clock Pessimism Removal (CPR):    0.515ns

    Location             Delay type                Incr(ns)  Path(ns)    Netlist Resource(s)
  -------------------------------------------------------------------    -------------------
                         (clock clk_out1_pixel_clock_wiz rise edge)
                                                      0.000     0.000 r  <hidden>
    W5                                                0.000     0.000 r  clk
                         net (fo=0)                   0.000     0.000    clk
    W5                   IBUF (Prop_ibuf_I_O)         0.226     0.226 r  clk_IBUF_inst/O
                         net (fo=1, routed)           0.631     0.858    clk_IBUF
    BUFGCTRL_X0Y0        BUFG (Prop_bufg_I_O)         0.026     0.884 r  clk_IBUF_BUFG_inst/O
                         net (fo=1666, routed)        0.549     1.432    system_inst/vga_inputs_inst/u_pixel_clock/u_pixel_clock_wiz/inst/clk_in1
    MMCME2_ADV_X1Y0      MMCME2_ADV (Prop_mmcme2_adv_CLKIN1_CLKOUT0)
                                                     -1.061     0.372 r  system_inst/vga_inputs_inst/u_pixel_clock/u_pixel_clock_wiz/inst/mmcm_adv_inst/CLKOUT0
                         net (fo=1, routed)           0.486     0.858    system_inst/vga_inputs_inst/u_pixel_clock/u_pixel_clock_wiz/inst/clk_out1_pixel_clock_wiz
    BUFGCTRL_X0Y1        BUFG (Prop_bufg_I_O)         0.026     0.884 r  system_inst/vga_inputs_inst/u_pixel_clock/u_pixel_clock_wiz/inst/clkout1_buf/O
                         net (fo=32, routed)          0.566     1.449    system_inst/vga_inputs_inst/u_pixel_reset_sync/CLK
    SLICE_X53Y4          FDPE                                         r  system_inst/vga_inputs_inst/u_pixel_reset_sync/reset_pipe_q_reg[0]/C
  -------------------------------------------------------------------    -------------------
    SLICE_X53Y4          FDPE (Prop_fdpe_C_Q)         0.141     1.590 r  system_inst/vga_inputs_inst/u_pixel_reset_sync/reset_pipe_q_reg[0]/Q
                         net (fo=1, routed)           0.056     1.646    system_inst/vga_inputs_inst/u_pixel_reset_sync/reset_pipe_q[0]
    SLICE_X53Y4          FDPE                                         r  system_inst/vga_inputs_inst/u_pixel_reset_sync/reset_pipe_q_reg[1]/D
  -------------------------------------------------------------------    -------------------

                         (clock clk_out1_pixel_clock_wiz rise edge)
                                                      0.000     0.000 r  <hidden>
    W5                                                0.000     0.000 r  clk
                         net (fo=0)                   0.000     0.000    clk
    W5                   IBUF (Prop_ibuf_I_O)         0.414     0.414 r  clk_IBUF_inst/O
                         net (fo=1, routed)           0.685     1.099    clk_IBUF
    BUFGCTRL_X0Y0        BUFG (Prop_bufg_I_O)         0.029     1.128 r  clk_IBUF_BUFG_inst/O
                         net (fo=1666, routed)        0.817     1.944    system_inst/vga_inputs_inst/u_pixel_clock/u_pixel_clock_wiz/inst/clk_in1
    MMCME2_ADV_X1Y0      MMCME2_ADV (Prop_mmcme2_adv_CLKIN1_CLKOUT0)
                                                     -1.375     0.569 r  system_inst/vga_inputs_inst/u_pixel_clock/u_pixel_clock_wiz/inst/mmcm_adv_inst/CLKOUT0
                         net (fo=1, routed)           0.530     1.099    system_inst/vga_inputs_inst/u_pixel_clock/u_pixel_clock_wiz/inst/clk_out1_pixel_clock_wiz
    BUFGCTRL_X0Y1        BUFG (Prop_bufg_I_O)         0.029     1.128 r  system_inst/vga_inputs_inst/u_pixel_clock/u_pixel_clock_wiz/inst/clkout1_buf/O
                         net (fo=32, routed)          0.837     1.964    system_inst/vga_inputs_inst/u_pixel_reset_sync/CLK
    SLICE_X53Y4          FDPE                                         r  system_inst/vga_inputs_inst/u_pixel_reset_sync/reset_pipe_q_reg[1]/C
                         clock pessimism             -0.515     1.449    <hidden>
    SLICE_X53Y4          FDPE (Hold_fdpe_C_D)         0.075     1.524    system_inst/vga_inputs_inst/u_pixel_reset_sync/reset_pipe_q_reg[1]
  -------------------------------------------------------------------
                         required time                         -1.524    <hidden>
                         arrival time                           1.646    <hidden>
  -------------------------------------------------------------------
                         slack                                  0.122    <hidden>

Slack (MET) :             0.193ns  (arrival time - required time)
  Source:                 system_inst/vga_inputs_inst/u_vga_timing/v_count_q_reg[3]/C
                            (rising edge-triggered cell FDRE clocked by clk_out1_pixel_clock_wiz  {rise@0.000ns fall@20.000ns period=40.000ns})
  Destination:            system_inst/vga_inputs_inst/u_tile_renderer/pixel_y_q_reg[3]/D
                            (rising edge-triggered cell FDRE clocked by clk_out1_pixel_clock_wiz  {rise@0.000ns fall@20.000ns period=40.000ns})
  Path Group:             clk_out1_pixel_clock_wiz
  Path Type:              Hold (Min at Fast Process Corner)
  Requirement:            0.000ns  (clk_out1_pixel_clock_wiz rise@0.000ns - clk_out1_pixel_clock_wiz rise@0.000ns)
  Data Path Delay:        0.223ns  (logic 0.148ns (66.495%)  route 0.075ns (33.505%))
  Logic Levels:           0  
  Clock Path Skew:        0.013ns (DCD - SCD - CPR)
    Destination Clock Delay (DCD):    1.961ns
    Source Clock Delay      (SCD):    1.447ns
    Clock Pessimism Removal (CPR):    0.501ns

    Location             Delay type                Incr(ns)  Path(ns)    Netlist Resource(s)
  -------------------------------------------------------------------    -------------------
                         (clock clk_out1_pixel_clock_wiz rise edge)
                                                      0.000     0.000 r  <hidden>
    W5                                                0.000     0.000 r  clk
                         net (fo=0)                   0.000     0.000    clk
    W5                   IBUF (Prop_ibuf_I_O)         0.226     0.226 r  clk_IBUF_inst/O
                         net (fo=1, routed)           0.631     0.858    clk_IBUF
    BUFGCTRL_X0Y0        BUFG (Prop_bufg_I_O)         0.026     0.884 r  clk_IBUF_BUFG_inst/O
                         net (fo=1666, routed)        0.549     1.432    system_inst/vga_inputs_inst/u_pixel_clock/u_pixel_clock_wiz/inst/clk_in1
    MMCME2_ADV_X1Y0      MMCME2_ADV (Prop_mmcme2_adv_CLKIN1_CLKOUT0)
                                                     -1.061     0.372 r  system_inst/vga_inputs_inst/u_pixel_clock/u_pixel_clock_wiz/inst/mmcm_adv_inst/CLKOUT0
                         net (fo=1, routed)           0.486     0.858    system_inst/vga_inputs_inst/u_pixel_clock/u_pixel_clock_wiz/inst/clk_out1_pixel_clock_wiz
    BUFGCTRL_X0Y1        BUFG (Prop_bufg_I_O)         0.026     0.884 r  system_inst/vga_inputs_inst/u_pixel_clock/u_pixel_clock_wiz/inst/clkout1_buf/O
                         net (fo=32, routed)          0.564     1.447    system_inst/vga_inputs_inst/u_vga_timing/CLK
    SLICE_X46Y4          FDRE                                         r  system_inst/vga_inputs_inst/u_vga_timing/v_count_q_reg[3]/C
  -------------------------------------------------------------------    -------------------
    SLICE_X46Y4          FDRE (Prop_fdre_C_Q)         0.148     1.595 r  system_inst/vga_inputs_inst/u_vga_timing/v_count_q_reg[3]/Q
                         net (fo=6, routed)           0.075     1.670    system_inst/vga_inputs_inst/u_tile_renderer/Q[1]
    SLICE_X47Y4          FDRE                                         r  system_inst/vga_inputs_inst/u_tile_renderer/pixel_y_q_reg[3]/D
  -------------------------------------------------------------------    -------------------

                         (clock clk_out1_pixel_clock_wiz rise edge)
                                                      0.000     0.000 r  <hidden>
    W5                                                0.000     0.000 r  clk
                         net (fo=0)                   0.000     0.000    clk
    W5                   IBUF (Prop_ibuf_I_O)         0.414     0.414 r  clk_IBUF_inst/O
                         net (fo=1, routed)           0.685     1.099    clk_IBUF
    BUFGCTRL_X0Y0        BUFG (Prop_bufg_I_O)         0.029     1.128 r  clk_IBUF_BUFG_inst/O
                         net (fo=1666, routed)        0.817     1.944    system_inst/vga_inputs_inst/u_pixel_clock/u_pixel_clock_wiz/inst/clk_in1
    MMCME2_ADV_X1Y0      MMCME2_ADV (Prop_mmcme2_adv_CLKIN1_CLKOUT0)
                                                     -1.375     0.569 r  system_inst/vga_inputs_inst/u_pixel_clock/u_pixel_clock_wiz/inst/mmcm_adv_inst/CLKOUT0
                         net (fo=1, routed)           0.530     1.099    system_inst/vga_inputs_inst/u_pixel_clock/u_pixel_clock_wiz/inst/clk_out1_pixel_clock_wiz
    BUFGCTRL_X0Y1        BUFG (Prop_bufg_I_O)         0.029     1.128 r  system_inst/vga_inputs_inst/u_pixel_clock/u_pixel_clock_wiz/inst/clkout1_buf/O
                         net (fo=32, routed)          0.834     1.961    system_inst/vga_inputs_inst/u_tile_renderer/CLK
    SLICE_X47Y4          FDRE                                         r  system_inst/vga_inputs_inst/u_tile_renderer/pixel_y_q_reg[3]/C
                         clock pessimism             -0.501     1.460    <hidden>
    SLICE_X47Y4          FDRE (Hold_fdre_C_D)         0.017     1.477    system_inst/vga_inputs_inst/u_tile_renderer/pixel_y_q_reg[3]
  -------------------------------------------------------------------
                         required time                         -1.477    <hidden>
                         arrival time                           1.670    <hidden>
  -------------------------------------------------------------------
                         slack                                  0.193    <hidden>

Slack (MET) :             0.212ns  (arrival time - required time)
  Source:                 system_inst/vga_inputs_inst/u_vga_timing/h_count_q_reg[2]/C
                            (rising edge-triggered cell FDRE clocked by clk_out1_pixel_clock_wiz  {rise@0.000ns fall@20.000ns period=40.000ns})
  Destination:            system_inst/vga_inputs_inst/u_tile_renderer/pixel_x_q_reg[2]/D
                            (rising edge-triggered cell FDRE clocked by clk_out1_pixel_clock_wiz  {rise@0.000ns fall@20.000ns period=40.000ns})
  Path Group:             clk_out1_pixel_clock_wiz
  Path Type:              Hold (Min at Fast Process Corner)
  Requirement:            0.000ns  (clk_out1_pixel_clock_wiz rise@0.000ns - clk_out1_pixel_clock_wiz rise@0.000ns)
  Data Path Delay:        0.303ns  (logic 0.164ns (54.093%)  route 0.139ns (45.907%))
  Logic Levels:           0  
  Clock Path Skew:        0.016ns (DCD - SCD - CPR)
    Destination Clock Delay (DCD):    1.961ns
    Source Clock Delay      (SCD):    1.447ns
    Clock Pessimism Removal (CPR):    0.498ns

    Location             Delay type                Incr(ns)  Path(ns)    Netlist Resource(s)
  -------------------------------------------------------------------    -------------------
                         (clock clk_out1_pixel_clock_wiz rise edge)
                                                      0.000     0.000 r  <hidden>
    W5                                                0.000     0.000 r  clk
                         net (fo=0)                   0.000     0.000    clk
    W5                   IBUF (Prop_ibuf_I_O)         0.226     0.226 r  clk_IBUF_inst/O
                         net (fo=1, routed)           0.631     0.858    clk_IBUF
    BUFGCTRL_X0Y0        BUFG (Prop_bufg_I_O)         0.026     0.884 r  clk_IBUF_BUFG_inst/O
                         net (fo=1666, routed)        0.549     1.432    system_inst/vga_inputs_inst/u_pixel_clock/u_pixel_clock_wiz/inst/clk_in1
    MMCME2_ADV_X1Y0      MMCME2_ADV (Prop_mmcme2_adv_CLKIN1_CLKOUT0)
                                                     -1.061     0.372 r  system_inst/vga_inputs_inst/u_pixel_clock/u_pixel_clock_wiz/inst/mmcm_adv_inst/CLKOUT0
                         net (fo=1, routed)           0.486     0.858    system_inst/vga_inputs_inst/u_pixel_clock/u_pixel_clock_wiz/inst/clk_out1_pixel_clock_wiz
    BUFGCTRL_X0Y1        BUFG (Prop_bufg_I_O)         0.026     0.884 r  system_inst/vga_inputs_inst/u_pixel_clock/u_pixel_clock_wiz/inst/clkout1_buf/O
                         net (fo=32, routed)          0.564     1.447    system_inst/vga_inputs_inst/u_vga_timing/CLK
    SLICE_X46Y3          FDRE                                         r  system_inst/vga_inputs_inst/u_vga_timing/h_count_q_reg[2]/C
  -------------------------------------------------------------------    -------------------
    SLICE_X46Y3          FDRE (Prop_fdre_C_Q)         0.164     1.611 r  system_inst/vga_inputs_inst/u_vga_timing/h_count_q_reg[2]/Q
                         net (fo=6, routed)           0.139     1.750    system_inst/vga_inputs_inst/u_tile_renderer/memory_reg[0]
    SLICE_X47Y4          FDRE                                         r  system_inst/vga_inputs_inst/u_tile_renderer/pixel_x_q_reg[2]/D
  -------------------------------------------------------------------    -------------------

                         (clock clk_out1_pixel_clock_wiz rise edge)
                                                      0.000     0.000 r  <hidden>
    W5                                                0.000     0.000 r  clk
                         net (fo=0)                   0.000     0.000    clk
    W5                   IBUF (Prop_ibuf_I_O)         0.414     0.414 r  clk_IBUF_inst/O
                         net (fo=1, routed)           0.685     1.099    clk_IBUF
    BUFGCTRL_X0Y0        BUFG (Prop_bufg_I_O)         0.029     1.128 r  clk_IBUF_BUFG_inst/O
                         net (fo=1666, routed)        0.817     1.944    system_inst/vga_inputs_inst/u_pixel_clock/u_pixel_clock_wiz/inst/clk_in1
    MMCME2_ADV_X1Y0      MMCME2_ADV (Prop_mmcme2_adv_CLKIN1_CLKOUT0)
                                                     -1.375     0.569 r  system_inst/vga_inputs_inst/u_pixel_clock/u_pixel_clock_wiz/inst/mmcm_adv_inst/CLKOUT0
                         net (fo=1, routed)           0.530     1.099    system_inst/vga_inputs_inst/u_pixel_clock/u_pixel_clock_wiz/inst/clk_out1_pixel_clock_wiz
    BUFGCTRL_X0Y1        BUFG (Prop_bufg_I_O)         0.029     1.128 r  system_inst/vga_inputs_inst/u_pixel_clock/u_pixel_clock_wiz/inst/clkout1_buf/O
                         net (fo=32, routed)          0.834     1.961    system_inst/vga_inputs_inst/u_tile_renderer/CLK
    SLICE_X47Y4          FDRE                                         r  system_inst/vga_inputs_inst/u_tile_renderer/pixel_x_q_reg[2]/C
                         clock pessimism             -0.498     1.463    <hidden>
    SLICE_X47Y4          FDRE (Hold_fdre_C_D)         0.075     1.538    system_inst/vga_inputs_inst/u_tile_renderer/pixel_x_q_reg[2]
  -------------------------------------------------------------------
                         required time                         -1.538    <hidden>
                         arrival time                           1.750    <hidden>
  -------------------------------------------------------------------
                         slack                                  0.212    <hidden>

Slack (MET) :             0.216ns  (arrival time - required time)
  Source:                 system_inst/vga_inputs_inst/u_vga_timing/v_count_q_reg[0]/C
                            (rising edge-triggered cell FDRE clocked by clk_out1_pixel_clock_wiz  {rise@0.000ns fall@20.000ns period=40.000ns})
  Destination:            system_inst/vga_inputs_inst/u_vga_timing/v_count_q_reg[3]/D
                            (rising edge-triggered cell FDRE clocked by clk_out1_pixel_clock_wiz  {rise@0.000ns fall@20.000ns period=40.000ns})
  Path Group:             clk_out1_pixel_clock_wiz
  Path Type:              Hold (Min at Fast Process Corner)
  Requirement:            0.000ns  (clk_out1_pixel_clock_wiz rise@0.000ns - clk_out1_pixel_clock_wiz rise@0.000ns)
  Data Path Delay:        0.363ns  (logic 0.189ns (52.055%)  route 0.174ns (47.945%))
  Logic Levels:           1  (LUT5=1)
  Clock Path Skew:        0.016ns (DCD - SCD - CPR)
    Destination Clock Delay (DCD):    1.961ns
    Source Clock Delay      (SCD):    1.447ns
    Clock Pessimism Removal (CPR):    0.498ns

    Location             Delay type                Incr(ns)  Path(ns)    Netlist Resource(s)
  -------------------------------------------------------------------    -------------------
                         (clock clk_out1_pixel_clock_wiz rise edge)
                                                      0.000     0.000 r  <hidden>
    W5                                                0.000     0.000 r  clk
                         net (fo=0)                   0.000     0.000    clk
    W5                   IBUF (Prop_ibuf_I_O)         0.226     0.226 r  clk_IBUF_inst/O
                         net (fo=1, routed)           0.631     0.858    clk_IBUF
    BUFGCTRL_X0Y0        BUFG (Prop_bufg_I_O)         0.026     0.884 r  clk_IBUF_BUFG_inst/O
                         net (fo=1666, routed)        0.549     1.432    system_inst/vga_inputs_inst/u_pixel_clock/u_pixel_clock_wiz/inst/clk_in1
    MMCME2_ADV_X1Y0      MMCME2_ADV (Prop_mmcme2_adv_CLKIN1_CLKOUT0)
                                                     -1.061     0.372 r  system_inst/vga_inputs_inst/u_pixel_clock/u_pixel_clock_wiz/inst/mmcm_adv_inst/CLKOUT0
                         net (fo=1, routed)           0.486     0.858    system_inst/vga_inputs_inst/u_pixel_clock/u_pixel_clock_wiz/inst/clk_out1_pixel_clock_wiz
    BUFGCTRL_X0Y1        BUFG (Prop_bufg_I_O)         0.026     0.884 r  system_inst/vga_inputs_inst/u_pixel_clock/u_pixel_clock_wiz/inst/clkout1_buf/O
                         net (fo=32, routed)          0.564     1.447    system_inst/vga_inputs_inst/u_vga_timing/CLK
    SLICE_X44Y4          FDRE                                         r  system_inst/vga_inputs_inst/u_vga_timing/v_count_q_reg[0]/C
  -------------------------------------------------------------------    -------------------
    SLICE_X44Y4          FDRE (Prop_fdre_C_Q)         0.141     1.588 r  system_inst/vga_inputs_inst/u_vga_timing/v_count_q_reg[0]/Q
                         net (fo=7, routed)           0.174     1.762    system_inst/vga_inputs_inst/u_vga_timing/pixel_y[0]
    SLICE_X46Y4          LUT5 (Prop_lut5_I3_O)        0.048     1.810 r  system_inst/vga_inputs_inst/u_vga_timing/v_count_q[3]_i_1/O
                         net (fo=1, routed)           0.000     1.810    system_inst/vga_inputs_inst/u_vga_timing/v_count_q[3]_i_1_n_0
    SLICE_X46Y4          FDRE                                         r  system_inst/vga_inputs_inst/u_vga_timing/v_count_q_reg[3]/D
  -------------------------------------------------------------------    -------------------

                         (clock clk_out1_pixel_clock_wiz rise edge)
                                                      0.000     0.000 r  <hidden>
    W5                                                0.000     0.000 r  clk
                         net (fo=0)                   0.000     0.000    clk
    W5                   IBUF (Prop_ibuf_I_O)         0.414     0.414 r  clk_IBUF_inst/O
                         net (fo=1, routed)           0.685     1.099    clk_IBUF
    BUFGCTRL_X0Y0        BUFG (Prop_bufg_I_O)         0.029     1.128 r  clk_IBUF_BUFG_inst/O
                         net (fo=1666, routed)        0.817     1.944    system_inst/vga_inputs_inst/u_pixel_clock/u_pixel_clock_wiz/inst/clk_in1
    MMCME2_ADV_X1Y0      MMCME2_ADV (Prop_mmcme2_adv_CLKIN1_CLKOUT0)
                                                     -1.375     0.569 r  system_inst/vga_inputs_inst/u_pixel_clock/u_pixel_clock_wiz/inst/mmcm_adv_inst/CLKOUT0
                         net (fo=1, routed)           0.530     1.099    system_inst/vga_inputs_inst/u_pixel_clock/u_pixel_clock_wiz/inst/clk_out1_pixel_clock_wiz
    BUFGCTRL_X0Y1        BUFG (Prop_bufg_I_O)         0.029     1.128 r  system_inst/vga_inputs_inst/u_pixel_clock/u_pixel_clock_wiz/inst/clkout1_buf/O
                         net (fo=32, routed)          0.834     1.961    system_inst/vga_inputs_inst/u_vga_timing/CLK
    SLICE_X46Y4          FDRE                                         r  system_inst/vga_inputs_inst/u_vga_timing/v_count_q_reg[3]/C
                         clock pessimism             -0.498     1.463    <hidden>
    SLICE_X46Y4          FDRE (Hold_fdre_C_D)         0.131     1.594    system_inst/vga_inputs_inst/u_vga_timing/v_count_q_reg[3]
  -------------------------------------------------------------------
                         required time                         -1.594    <hidden>
                         arrival time                           1.810    <hidden>
  -------------------------------------------------------------------
                         slack                                  0.216    <hidden>

Slack (MET) :             0.221ns  (arrival time - required time)
  Source:                 system_inst/vga_inputs_inst/u_vga_timing/v_count_q_reg[2]/C
                            (rising edge-triggered cell FDRE clocked by clk_out1_pixel_clock_wiz  {rise@0.000ns fall@20.000ns period=40.000ns})
  Destination:            system_inst/vga_inputs_inst/vga_vsync_o_reg/D
                            (rising edge-triggered cell FDSE clocked by clk_out1_pixel_clock_wiz  {rise@0.000ns fall@20.000ns period=40.000ns})
  Path Group:             clk_out1_pixel_clock_wiz
  Path Type:              Hold (Min at Fast Process Corner)
  Requirement:            0.000ns  (clk_out1_pixel_clock_wiz rise@0.000ns - clk_out1_pixel_clock_wiz rise@0.000ns)
  Data Path Delay:        0.325ns  (logic 0.209ns (64.260%)  route 0.116ns (35.740%))
  Logic Levels:           1  (LUT6=1)
  Clock Path Skew:        0.013ns (DCD - SCD - CPR)
    Destination Clock Delay (DCD):    1.961ns
    Source Clock Delay      (SCD):    1.447ns
    Clock Pessimism Removal (CPR):    0.501ns

    Location             Delay type                Incr(ns)  Path(ns)    Netlist Resource(s)
  -------------------------------------------------------------------    -------------------
                         (clock clk_out1_pixel_clock_wiz rise edge)
                                                      0.000     0.000 r  <hidden>
    W5                                                0.000     0.000 r  clk
                         net (fo=0)                   0.000     0.000    clk
    W5                   IBUF (Prop_ibuf_I_O)         0.226     0.226 r  clk_IBUF_inst/O
                         net (fo=1, routed)           0.631     0.858    clk_IBUF
    BUFGCTRL_X0Y0        BUFG (Prop_bufg_I_O)         0.026     0.884 r  clk_IBUF_BUFG_inst/O
                         net (fo=1666, routed)        0.549     1.432    system_inst/vga_inputs_inst/u_pixel_clock/u_pixel_clock_wiz/inst/clk_in1
    MMCME2_ADV_X1Y0      MMCME2_ADV (Prop_mmcme2_adv_CLKIN1_CLKOUT0)
                                                     -1.061     0.372 r  system_inst/vga_inputs_inst/u_pixel_clock/u_pixel_clock_wiz/inst/mmcm_adv_inst/CLKOUT0
                         net (fo=1, routed)           0.486     0.858    system_inst/vga_inputs_inst/u_pixel_clock/u_pixel_clock_wiz/inst/clk_out1_pixel_clock_wiz
    BUFGCTRL_X0Y1        BUFG (Prop_bufg_I_O)         0.026     0.884 r  system_inst/vga_inputs_inst/u_pixel_clock/u_pixel_clock_wiz/inst/clkout1_buf/O
                         net (fo=32, routed)          0.564     1.447    system_inst/vga_inputs_inst/u_vga_timing/CLK
    SLICE_X46Y4          FDRE                                         r  system_inst/vga_inputs_inst/u_vga_timing/v_count_q_reg[2]/C
  -------------------------------------------------------------------    -------------------
    SLICE_X46Y4          FDRE (Prop_fdre_C_Q)         0.164     1.611 r  system_inst/vga_inputs_inst/u_vga_timing/v_count_q_reg[2]/Q
                         net (fo=7, routed)           0.116     1.727    system_inst/vga_inputs_inst/u_vga_timing/Q[0]
    SLICE_X47Y4          LUT6 (Prop_lut6_I2_O)        0.045     1.772 r  system_inst/vga_inputs_inst/u_vga_timing/vga_vsync_o_i_1/O
                         net (fo=1, routed)           0.000     1.772    system_inst/vga_inputs_inst/vsync_raw
    SLICE_X47Y4          FDSE                                         r  system_inst/vga_inputs_inst/vga_vsync_o_reg/D
  -------------------------------------------------------------------    -------------------

                         (clock clk_out1_pixel_clock_wiz rise edge)
                                                      0.000     0.000 r  <hidden>
    W5                                                0.000     0.000 r  clk
                         net (fo=0)                   0.000     0.000    clk
    W5                   IBUF (Prop_ibuf_I_O)         0.414     0.414 r  clk_IBUF_inst/O
                         net (fo=1, routed)           0.685     1.099    clk_IBUF
    BUFGCTRL_X0Y0        BUFG (Prop_bufg_I_O)         0.029     1.128 r  clk_IBUF_BUFG_inst/O
                         net (fo=1666, routed)        0.817     1.944    system_inst/vga_inputs_inst/u_pixel_clock/u_pixel_clock_wiz/inst/clk_in1
    MMCME2_ADV_X1Y0      MMCME2_ADV (Prop_mmcme2_adv_CLKIN1_CLKOUT0)
                                                     -1.375     0.569 r  system_inst/vga_inputs_inst/u_pixel_clock/u_pixel_clock_wiz/inst/mmcm_adv_inst/CLKOUT0
                         net (fo=1, routed)           0.530     1.099    system_inst/vga_inputs_inst/u_pixel_clock/u_pixel_clock_wiz/inst/clk_out1_pixel_clock_wiz
    BUFGCTRL_X0Y1        BUFG (Prop_bufg_I_O)         0.029     1.128 r  system_inst/vga_inputs_inst/u_pixel_clock/u_pixel_clock_wiz/inst/clkout1_buf/O
                         net (fo=32, routed)          0.834     1.961    system_inst/vga_inputs_inst/clk_pixel
    SLICE_X47Y4          FDSE                                         r  system_inst/vga_inputs_inst/vga_vsync_o_reg/C
                         clock pessimism             -0.501     1.460    <hidden>
    SLICE_X47Y4          FDSE (Hold_fdse_C_D)         0.091     1.551    system_inst/vga_inputs_inst/vga_vsync_o_reg
  -------------------------------------------------------------------
                         required time                         -1.551    <hidden>
                         arrival time                           1.772    <hidden>
  -------------------------------------------------------------------
                         slack                                  0.221    <hidden>

Slack (MET) :             0.223ns  (arrival time - required time)
  Source:                 system_inst/vga_inputs_inst/u_vga_timing/v_count_q_reg[4]/C
                            (rising edge-triggered cell FDRE clocked by clk_out1_pixel_clock_wiz  {rise@0.000ns fall@20.000ns period=40.000ns})
  Destination:            system_inst/vga_inputs_inst/u_tile_renderer/pixel_y_q_reg[4]/D
                            (rising edge-triggered cell FDRE clocked by clk_out1_pixel_clock_wiz  {rise@0.000ns fall@20.000ns period=40.000ns})
  Path Group:             clk_out1_pixel_clock_wiz
  Path Type:              Hold (Min at Fast Process Corner)
  Requirement:            0.000ns  (clk_out1_pixel_clock_wiz rise@0.000ns - clk_out1_pixel_clock_wiz rise@0.000ns)
  Data Path Delay:        0.308ns  (logic 0.164ns (53.222%)  route 0.144ns (46.778%))
  Logic Levels:           0  
  Clock Path Skew:        0.013ns (DCD - SCD - CPR)
    Destination Clock Delay (DCD):    1.961ns
    Source Clock Delay      (SCD):    1.447ns
    Clock Pessimism Removal (CPR):    0.501ns

    Location             Delay type                Incr(ns)  Path(ns)    Netlist Resource(s)
  -------------------------------------------------------------------    -------------------
                         (clock clk_out1_pixel_clock_wiz rise edge)
                                                      0.000     0.000 r  <hidden>
    W5                                                0.000     0.000 r  clk
                         net (fo=0)                   0.000     0.000    clk
    W5                   IBUF (Prop_ibuf_I_O)         0.226     0.226 r  clk_IBUF_inst/O
                         net (fo=1, routed)           0.631     0.858    clk_IBUF
    BUFGCTRL_X0Y0        BUFG (Prop_bufg_I_O)         0.026     0.884 r  clk_IBUF_BUFG_inst/O
                         net (fo=1666, routed)        0.549     1.432    system_inst/vga_inputs_inst/u_pixel_clock/u_pixel_clock_wiz/inst/clk_in1
    MMCME2_ADV_X1Y0      MMCME2_ADV (Prop_mmcme2_adv_CLKIN1_CLKOUT0)
                                                     -1.061     0.372 r  system_inst/vga_inputs_inst/u_pixel_clock/u_pixel_clock_wiz/inst/mmcm_adv_inst/CLKOUT0
                         net (fo=1, routed)           0.486     0.858    system_inst/vga_inputs_inst/u_pixel_clock/u_pixel_clock_wiz/inst/clk_out1_pixel_clock_wiz
    BUFGCTRL_X0Y1        BUFG (Prop_bufg_I_O)         0.026     0.884 r  system_inst/vga_inputs_inst/u_pixel_clock/u_pixel_clock_wiz/inst/clkout1_buf/O
                         net (fo=32, routed)          0.564     1.447    system_inst/vga_inputs_inst/u_vga_timing/CLK
    SLICE_X46Y4          FDRE                                         r  system_inst/vga_inputs_inst/u_vga_timing/v_count_q_reg[4]/C
  -------------------------------------------------------------------    -------------------
    SLICE_X46Y4          FDRE (Prop_fdre_C_Q)         0.164     1.611 r  system_inst/vga_inputs_inst/u_vga_timing/v_count_q_reg[4]/Q
                         net (fo=5, routed)           0.144     1.755    system_inst/vga_inputs_inst/u_tile_renderer/Q[2]
    SLICE_X47Y4          FDRE                                         r  system_inst/vga_inputs_inst/u_tile_renderer/pixel_y_q_reg[4]/D
  -------------------------------------------------------------------    -------------------

                         (clock clk_out1_pixel_clock_wiz rise edge)
                                                      0.000     0.000 r  <hidden>
    W5                                                0.000     0.000 r  clk
                         net (fo=0)                   0.000     0.000    clk
    W5                   IBUF (Prop_ibuf_I_O)         0.414     0.414 r  clk_IBUF_inst/O
                         net (fo=1, routed)           0.685     1.099    clk_IBUF
    BUFGCTRL_X0Y0        BUFG (Prop_bufg_I_O)         0.029     1.128 r  clk_IBUF_BUFG_inst/O
                         net (fo=1666, routed)        0.817     1.944    system_inst/vga_inputs_inst/u_pixel_clock/u_pixel_clock_wiz/inst/clk_in1
    MMCME2_ADV_X1Y0      MMCME2_ADV (Prop_mmcme2_adv_CLKIN1_CLKOUT0)
                                                     -1.375     0.569 r  system_inst/vga_inputs_inst/u_pixel_clock/u_pixel_clock_wiz/inst/mmcm_adv_inst/CLKOUT0
                         net (fo=1, routed)           0.530     1.099    system_inst/vga_inputs_inst/u_pixel_clock/u_pixel_clock_wiz/inst/clk_out1_pixel_clock_wiz
    BUFGCTRL_X0Y1        BUFG (Prop_bufg_I_O)         0.029     1.128 r  system_inst/vga_inputs_inst/u_pixel_clock/u_pixel_clock_wiz/inst/clkout1_buf/O
                         net (fo=32, routed)          0.834     1.961    system_inst/vga_inputs_inst/u_tile_renderer/CLK
    SLICE_X47Y4          FDRE                                         r  system_inst/vga_inputs_inst/u_tile_renderer/pixel_y_q_reg[4]/C
                         clock pessimism             -0.501     1.460    <hidden>
    SLICE_X47Y4          FDRE (Hold_fdre_C_D)         0.072     1.532    system_inst/vga_inputs_inst/u_tile_renderer/pixel_y_q_reg[4]
  -------------------------------------------------------------------
                         required time                         -1.532    <hidden>
                         arrival time                           1.755    <hidden>
  -------------------------------------------------------------------
                         slack                                  0.223    <hidden>

Slack (MET) :             0.224ns  (arrival time - required time)
  Source:                 system_inst/vga_inputs_inst/u_vga_timing/h_count_q_reg[6]/C
                            (rising edge-triggered cell FDRE clocked by clk_out1_pixel_clock_wiz  {rise@0.000ns fall@20.000ns period=40.000ns})
  Destination:            system_inst/vga_inputs_inst/u_vga_timing/h_count_q_reg[8]/D
                            (rising edge-triggered cell FDRE clocked by clk_out1_pixel_clock_wiz  {rise@0.000ns fall@20.000ns period=40.000ns})
  Path Group:             clk_out1_pixel_clock_wiz
  Path Type:              Hold (Min at Fast Process Corner)
  Requirement:            0.000ns  (clk_out1_pixel_clock_wiz rise@0.000ns - clk_out1_pixel_clock_wiz rise@0.000ns)
  Data Path Delay:        0.344ns  (logic 0.189ns (55.010%)  route 0.155ns (44.990%))
  Logic Levels:           1  (LUT5=1)
  Clock Path Skew:        0.013ns (DCD - SCD - CPR)
    Destination Clock Delay (DCD):    1.961ns
    Source Clock Delay      (SCD):    1.447ns
    Clock Pessimism Removal (CPR):    0.501ns

    Location             Delay type                Incr(ns)  Path(ns)    Netlist Resource(s)
  -------------------------------------------------------------------    -------------------
                         (clock clk_out1_pixel_clock_wiz rise edge)
                                                      0.000     0.000 r  <hidden>
    W5                                                0.000     0.000 r  clk
                         net (fo=0)                   0.000     0.000    clk
    W5                   IBUF (Prop_ibuf_I_O)         0.226     0.226 r  clk_IBUF_inst/O
                         net (fo=1, routed)           0.631     0.858    clk_IBUF
    BUFGCTRL_X0Y0        BUFG (Prop_bufg_I_O)         0.026     0.884 r  clk_IBUF_BUFG_inst/O
                         net (fo=1666, routed)        0.549     1.432    system_inst/vga_inputs_inst/u_pixel_clock/u_pixel_clock_wiz/inst/clk_in1
    MMCME2_ADV_X1Y0      MMCME2_ADV (Prop_mmcme2_adv_CLKIN1_CLKOUT0)
                                                     -1.061     0.372 r  system_inst/vga_inputs_inst/u_pixel_clock/u_pixel_clock_wiz/inst/mmcm_adv_inst/CLKOUT0
                         net (fo=1, routed)           0.486     0.858    system_inst/vga_inputs_inst/u_pixel_clock/u_pixel_clock_wiz/inst/clk_out1_pixel_clock_wiz
    BUFGCTRL_X0Y1        BUFG (Prop_bufg_I_O)         0.026     0.884 r  system_inst/vga_inputs_inst/u_pixel_clock/u_pixel_clock_wiz/inst/clkout1_buf/O
                         net (fo=32, routed)          0.564     1.447    system_inst/vga_inputs_inst/u_vga_timing/CLK
    SLICE_X45Y3          FDRE                                         r  system_inst/vga_inputs_inst/u_vga_timing/h_count_q_reg[6]/C
  -------------------------------------------------------------------    -------------------
    SLICE_X45Y3          FDRE (Prop_fdre_C_Q)         0.141     1.588 r  system_inst/vga_inputs_inst/u_vga_timing/h_count_q_reg[6]/Q
                         net (fo=7, routed)           0.155     1.743    system_inst/vga_inputs_inst/u_vga_timing/h_count_q_reg[8]_0[3]
    SLICE_X44Y3          LUT5 (Prop_lut5_I1_O)        0.048     1.791 r  system_inst/vga_inputs_inst/u_vga_timing/h_count_q[8]_i_1/O
                         net (fo=1, routed)           0.000     1.791    system_inst/vga_inputs_inst/u_vga_timing/h_count_q[8]_i_1_n_0
    SLICE_X44Y3          FDRE                                         r  system_inst/vga_inputs_inst/u_vga_timing/h_count_q_reg[8]/D
  -------------------------------------------------------------------    -------------------

                         (clock clk_out1_pixel_clock_wiz rise edge)
                                                      0.000     0.000 r  <hidden>
    W5                                                0.000     0.000 r  clk
                         net (fo=0)                   0.000     0.000    clk
    W5                   IBUF (Prop_ibuf_I_O)         0.414     0.414 r  clk_IBUF_inst/O
                         net (fo=1, routed)           0.685     1.099    clk_IBUF
    BUFGCTRL_X0Y0        BUFG (Prop_bufg_I_O)         0.029     1.128 r  clk_IBUF_BUFG_inst/O
                         net (fo=1666, routed)        0.817     1.944    system_inst/vga_inputs_inst/u_pixel_clock/u_pixel_clock_wiz/inst/clk_in1
    MMCME2_ADV_X1Y0      MMCME2_ADV (Prop_mmcme2_adv_CLKIN1_CLKOUT0)
                                                     -1.375     0.569 r  system_inst/vga_inputs_inst/u_pixel_clock/u_pixel_clock_wiz/inst/mmcm_adv_inst/CLKOUT0
                         net (fo=1, routed)           0.530     1.099    system_inst/vga_inputs_inst/u_pixel_clock/u_pixel_clock_wiz/inst/clk_out1_pixel_clock_wiz
    BUFGCTRL_X0Y1        BUFG (Prop_bufg_I_O)         0.029     1.128 r  system_inst/vga_inputs_inst/u_pixel_clock/u_pixel_clock_wiz/inst/clkout1_buf/O
                         net (fo=32, routed)          0.834     1.961    system_inst/vga_inputs_inst/u_vga_timing/CLK
    SLICE_X44Y3          FDRE                                         r  system_inst/vga_inputs_inst/u_vga_timing/h_count_q_reg[8]/C
                         clock pessimism             -0.501     1.460    <hidden>
    SLICE_X44Y3          FDRE (Hold_fdre_C_D)         0.107     1.567    system_inst/vga_inputs_inst/u_vga_timing/h_count_q_reg[8]
  -------------------------------------------------------------------
                         required time                         -1.567    <hidden>
                         arrival time                           1.791    <hidden>
  -------------------------------------------------------------------
                         slack                                  0.224    <hidden>

Slack (MET) :             0.224ns  (arrival time - required time)
  Source:                 system_inst/vga_inputs_inst/u_vga_timing/h_count_q_reg[4]/C
                            (rising edge-triggered cell FDRE clocked by clk_out1_pixel_clock_wiz  {rise@0.000ns fall@20.000ns period=40.000ns})
  Destination:            system_inst/vga_inputs_inst/u_vga_timing/h_count_q_reg[5]/D
                            (rising edge-triggered cell FDRE clocked by clk_out1_pixel_clock_wiz  {rise@0.000ns fall@20.000ns period=40.000ns})
  Path Group:             clk_out1_pixel_clock_wiz
  Path Type:              Hold (Min at Fast Process Corner)
  Requirement:            0.000ns  (clk_out1_pixel_clock_wiz rise@0.000ns - clk_out1_pixel_clock_wiz rise@0.000ns)
  Data Path Delay:        0.345ns  (logic 0.209ns (60.636%)  route 0.136ns (39.364%))
  Logic Levels:           1  (LUT6=1)
  Clock Path Skew:        0.000ns (DCD - SCD - CPR)
    Destination Clock Delay (DCD):    1.961ns
    Source Clock Delay      (SCD):    1.447ns
    Clock Pessimism Removal (CPR):    0.514ns

    Location             Delay type                Incr(ns)  Path(ns)    Netlist Resource(s)
  -------------------------------------------------------------------    -------------------
                         (clock clk_out1_pixel_clock_wiz rise edge)
                                                      0.000     0.000 r  <hidden>
    W5                                                0.000     0.000 r  clk
                         net (fo=0)                   0.000     0.000    clk
    W5                   IBUF (Prop_ibuf_I_O)         0.226     0.226 r  clk_IBUF_inst/O
                         net (fo=1, routed)           0.631     0.858    clk_IBUF
    BUFGCTRL_X0Y0        BUFG (Prop_bufg_I_O)         0.026     0.884 r  clk_IBUF_BUFG_inst/O
                         net (fo=1666, routed)        0.549     1.432    system_inst/vga_inputs_inst/u_pixel_clock/u_pixel_clock_wiz/inst/clk_in1
    MMCME2_ADV_X1Y0      MMCME2_ADV (Prop_mmcme2_adv_CLKIN1_CLKOUT0)
                                                     -1.061     0.372 r  system_inst/vga_inputs_inst/u_pixel_clock/u_pixel_clock_wiz/inst/mmcm_adv_inst/CLKOUT0
                         net (fo=1, routed)           0.486     0.858    system_inst/vga_inputs_inst/u_pixel_clock/u_pixel_clock_wiz/inst/clk_out1_pixel_clock_wiz
    BUFGCTRL_X0Y1        BUFG (Prop_bufg_I_O)         0.026     0.884 r  system_inst/vga_inputs_inst/u_pixel_clock/u_pixel_clock_wiz/inst/clkout1_buf/O
                         net (fo=32, routed)          0.564     1.447    system_inst/vga_inputs_inst/u_vga_timing/CLK
    SLICE_X46Y3          FDRE                                         r  system_inst/vga_inputs_inst/u_vga_timing/h_count_q_reg[4]/C
  -------------------------------------------------------------------    -------------------
    SLICE_X46Y3          FDRE (Prop_fdre_C_Q)         0.164     1.611 r  system_inst/vga_inputs_inst/u_vga_timing/h_count_q_reg[4]/Q
                         net (fo=5, routed)           0.136     1.747    system_inst/vga_inputs_inst/u_vga_timing/h_count_q_reg[8]_0[2]
    SLICE_X46Y3          LUT6 (Prop_lut6_I0_O)        0.045     1.792 r  system_inst/vga_inputs_inst/u_vga_timing/h_count_q[5]_i_1/O
                         net (fo=1, routed)           0.000     1.792    system_inst/vga_inputs_inst/u_vga_timing/h_count_q[5]_i_1_n_0
    SLICE_X46Y3          FDRE                                         r  system_inst/vga_inputs_inst/u_vga_timing/h_count_q_reg[5]/D
  -------------------------------------------------------------------    -------------------

                         (clock clk_out1_pixel_clock_wiz rise edge)
                                                      0.000     0.000 r  <hidden>
    W5                                                0.000     0.000 r  clk
                         net (fo=0)                   0.000     0.000    clk
    W5                   IBUF (Prop_ibuf_I_O)         0.414     0.414 r  clk_IBUF_inst/O
                         net (fo=1, routed)           0.685     1.099    clk_IBUF
    BUFGCTRL_X0Y0        BUFG (Prop_bufg_I_O)         0.029     1.128 r  clk_IBUF_BUFG_inst/O
                         net (fo=1666, routed)        0.817     1.944    system_inst/vga_inputs_inst/u_pixel_clock/u_pixel_clock_wiz/inst/clk_in1
    MMCME2_ADV_X1Y0      MMCME2_ADV (Prop_mmcme2_adv_CLKIN1_CLKOUT0)
                                                     -1.375     0.569 r  system_inst/vga_inputs_inst/u_pixel_clock/u_pixel_clock_wiz/inst/mmcm_adv_inst/CLKOUT0
                         net (fo=1, routed)           0.530     1.099    system_inst/vga_inputs_inst/u_pixel_clock/u_pixel_clock_wiz/inst/clk_out1_pixel_clock_wiz
    BUFGCTRL_X0Y1        BUFG (Prop_bufg_I_O)         0.029     1.128 r  system_inst/vga_inputs_inst/u_pixel_clock/u_pixel_clock_wiz/inst/clkout1_buf/O
                         net (fo=32, routed)          0.834     1.961    system_inst/vga_inputs_inst/u_vga_timing/CLK
    SLICE_X46Y3          FDRE                                         r  system_inst/vga_inputs_inst/u_vga_timing/h_count_q_reg[5]/C
                         clock pessimism             -0.514     1.447    <hidden>
    SLICE_X46Y3          FDRE (Hold_fdre_C_D)         0.121     1.568    system_inst/vga_inputs_inst/u_vga_timing/h_count_q_reg[5]
  -------------------------------------------------------------------
                         required time                         -1.568    <hidden>
                         arrival time                           1.792    <hidden>
  -------------------------------------------------------------------
                         slack                                  0.224    <hidden>

Slack (MET) :             0.224ns  (arrival time - required time)
  Source:                 system_inst/vga_inputs_inst/u_vga_timing/v_count_q_reg[0]/C
                            (rising edge-triggered cell FDRE clocked by clk_out1_pixel_clock_wiz  {rise@0.000ns fall@20.000ns period=40.000ns})
  Destination:            system_inst/vga_inputs_inst/u_vga_timing/v_count_q_reg[2]/D
                            (rising edge-triggered cell FDRE clocked by clk_out1_pixel_clock_wiz  {rise@0.000ns fall@20.000ns period=40.000ns})
  Path Group:             clk_out1_pixel_clock_wiz
  Path Type:              Hold (Min at Fast Process Corner)
  Requirement:            0.000ns  (clk_out1_pixel_clock_wiz rise@0.000ns - clk_out1_pixel_clock_wiz rise@0.000ns)
  Data Path Delay:        0.360ns  (logic 0.186ns (51.656%)  route 0.174ns (48.344%))
  Logic Levels:           1  (LUT4=1)
  Clock Path Skew:        0.016ns (DCD - SCD - CPR)
    Destination Clock Delay (DCD):    1.961ns
    Source Clock Delay      (SCD):    1.447ns
    Clock Pessimism Removal (CPR):    0.498ns

    Location             Delay type                Incr(ns)  Path(ns)    Netlist Resource(s)
  -------------------------------------------------------------------    -------------------
                         (clock clk_out1_pixel_clock_wiz rise edge)
                                                      0.000     0.000 r  <hidden>
    W5                                                0.000     0.000 r  clk
                         net (fo=0)                   0.000     0.000    clk
    W5                   IBUF (Prop_ibuf_I_O)         0.226     0.226 r  clk_IBUF_inst/O
                         net (fo=1, routed)           0.631     0.858    clk_IBUF
    BUFGCTRL_X0Y0        BUFG (Prop_bufg_I_O)         0.026     0.884 r  clk_IBUF_BUFG_inst/O
                         net (fo=1666, routed)        0.549     1.432    system_inst/vga_inputs_inst/u_pixel_clock/u_pixel_clock_wiz/inst/clk_in1
    MMCME2_ADV_X1Y0      MMCME2_ADV (Prop_mmcme2_adv_CLKIN1_CLKOUT0)
                                                     -1.061     0.372 r  system_inst/vga_inputs_inst/u_pixel_clock/u_pixel_clock_wiz/inst/mmcm_adv_inst/CLKOUT0
                         net (fo=1, routed)           0.486     0.858    system_inst/vga_inputs_inst/u_pixel_clock/u_pixel_clock_wiz/inst/clk_out1_pixel_clock_wiz
    BUFGCTRL_X0Y1        BUFG (Prop_bufg_I_O)         0.026     0.884 r  system_inst/vga_inputs_inst/u_pixel_clock/u_pixel_clock_wiz/inst/clkout1_buf/O
                         net (fo=32, routed)          0.564     1.447    system_inst/vga_inputs_inst/u_vga_timing/CLK
    SLICE_X44Y4          FDRE                                         r  system_inst/vga_inputs_inst/u_vga_timing/v_count_q_reg[0]/C
  -------------------------------------------------------------------    -------------------
    SLICE_X44Y4          FDRE (Prop_fdre_C_Q)         0.141     1.588 r  system_inst/vga_inputs_inst/u_vga_timing/v_count_q_reg[0]/Q
                         net (fo=7, routed)           0.174     1.762    system_inst/vga_inputs_inst/u_vga_timing/pixel_y[0]
    SLICE_X46Y4          LUT4 (Prop_lut4_I2_O)        0.045     1.807 r  system_inst/vga_inputs_inst/u_vga_timing/v_count_q[2]_i_1/O
                         net (fo=1, routed)           0.000     1.807    system_inst/vga_inputs_inst/u_vga_timing/v_count_q[2]_i_1_n_0
    SLICE_X46Y4          FDRE                                         r  system_inst/vga_inputs_inst/u_vga_timing/v_count_q_reg[2]/D
  -------------------------------------------------------------------    -------------------

                         (clock clk_out1_pixel_clock_wiz rise edge)
                                                      0.000     0.000 r  <hidden>
    W5                                                0.000     0.000 r  clk
                         net (fo=0)                   0.000     0.000    clk
    W5                   IBUF (Prop_ibuf_I_O)         0.414     0.414 r  clk_IBUF_inst/O
                         net (fo=1, routed)           0.685     1.099    clk_IBUF
    BUFGCTRL_X0Y0        BUFG (Prop_bufg_I_O)         0.029     1.128 r  clk_IBUF_BUFG_inst/O
                         net (fo=1666, routed)        0.817     1.944    system_inst/vga_inputs_inst/u_pixel_clock/u_pixel_clock_wiz/inst/clk_in1
    MMCME2_ADV_X1Y0      MMCME2_ADV (Prop_mmcme2_adv_CLKIN1_CLKOUT0)
                                                     -1.375     0.569 r  system_inst/vga_inputs_inst/u_pixel_clock/u_pixel_clock_wiz/inst/mmcm_adv_inst/CLKOUT0
                         net (fo=1, routed)           0.530     1.099    system_inst/vga_inputs_inst/u_pixel_clock/u_pixel_clock_wiz/inst/clk_out1_pixel_clock_wiz
    BUFGCTRL_X0Y1        BUFG (Prop_bufg_I_O)         0.029     1.128 r  system_inst/vga_inputs_inst/u_pixel_clock/u_pixel_clock_wiz/inst/clkout1_buf/O
                         net (fo=32, routed)          0.834     1.961    system_inst/vga_inputs_inst/u_vga_timing/CLK
    SLICE_X46Y4          FDRE                                         r  system_inst/vga_inputs_inst/u_vga_timing/v_count_q_reg[2]/C
                         clock pessimism             -0.498     1.463    <hidden>
    SLICE_X46Y4          FDRE (Hold_fdre_C_D)         0.120     1.583    system_inst/vga_inputs_inst/u_vga_timing/v_count_q_reg[2]
  -------------------------------------------------------------------
                         required time                         -1.583    <hidden>
                         arrival time                           1.807    <hidden>
  -------------------------------------------------------------------
                         slack                                  0.224    <hidden>

Slack (MET) :             0.227ns  (arrival time - required time)
  Source:                 system_inst/vga_inputs_inst/u_vga_timing/v_count_q_reg[0]/C
                            (rising edge-triggered cell FDRE clocked by clk_out1_pixel_clock_wiz  {rise@0.000ns fall@20.000ns period=40.000ns})
  Destination:            system_inst/vga_inputs_inst/u_vga_timing/v_count_q_reg[4]/D
                            (rising edge-triggered cell FDRE clocked by clk_out1_pixel_clock_wiz  {rise@0.000ns fall@20.000ns period=40.000ns})
  Path Group:             clk_out1_pixel_clock_wiz
  Path Type:              Hold (Min at Fast Process Corner)
  Requirement:            0.000ns  (clk_out1_pixel_clock_wiz rise@0.000ns - clk_out1_pixel_clock_wiz rise@0.000ns)
  Data Path Delay:        0.364ns  (logic 0.186ns (51.088%)  route 0.178ns (48.912%))
  Logic Levels:           1  (LUT6=1)
  Clock Path Skew:        0.016ns (DCD - SCD - CPR)
    Destination Clock Delay (DCD):    1.961ns
    Source Clock Delay      (SCD):    1.447ns
    Clock Pessimism Removal (CPR):    0.498ns

    Location             Delay type                Incr(ns)  Path(ns)    Netlist Resource(s)
  -------------------------------------------------------------------    -------------------
                         (clock clk_out1_pixel_clock_wiz rise edge)
                                                      0.000     0.000 r  <hidden>
    W5                                                0.000     0.000 r  clk
                         net (fo=0)                   0.000     0.000    clk
    W5                   IBUF (Prop_ibuf_I_O)         0.226     0.226 r  clk_IBUF_inst/O
                         net (fo=1, routed)           0.631     0.858    clk_IBUF
    BUFGCTRL_X0Y0        BUFG (Prop_bufg_I_O)         0.026     0.884 r  clk_IBUF_BUFG_inst/O
                         net (fo=1666, routed)        0.549     1.432    system_inst/vga_inputs_inst/u_pixel_clock/u_pixel_clock_wiz/inst/clk_in1
    MMCME2_ADV_X1Y0      MMCME2_ADV (Prop_mmcme2_adv_CLKIN1_CLKOUT0)
                                                     -1.061     0.372 r  system_inst/vga_inputs_inst/u_pixel_clock/u_pixel_clock_wiz/inst/mmcm_adv_inst/CLKOUT0
                         net (fo=1, routed)           0.486     0.858    system_inst/vga_inputs_inst/u_pixel_clock/u_pixel_clock_wiz/inst/clk_out1_pixel_clock_wiz
    BUFGCTRL_X0Y1        BUFG (Prop_bufg_I_O)         0.026     0.884 r  system_inst/vga_inputs_inst/u_pixel_clock/u_pixel_clock_wiz/inst/clkout1_buf/O
                         net (fo=32, routed)          0.564     1.447    system_inst/vga_inputs_inst/u_vga_timing/CLK
    SLICE_X44Y4          FDRE                                         r  system_inst/vga_inputs_inst/u_vga_timing/v_count_q_reg[0]/C
  -------------------------------------------------------------------    -------------------
    SLICE_X44Y4          FDRE (Prop_fdre_C_Q)         0.141     1.588 r  system_inst/vga_inputs_inst/u_vga_timing/v_count_q_reg[0]/Q
                         net (fo=7, routed)           0.178     1.766    system_inst/vga_inputs_inst/u_vga_timing/pixel_y[0]
    SLICE_X46Y4          LUT6 (Prop_lut6_I3_O)        0.045     1.811 r  system_inst/vga_inputs_inst/u_vga_timing/v_count_q[4]_i_1/O
                         net (fo=1, routed)           0.000     1.811    system_inst/vga_inputs_inst/u_vga_timing/v_count_q[4]_i_1_n_0
    SLICE_X46Y4          FDRE                                         r  system_inst/vga_inputs_inst/u_vga_timing/v_count_q_reg[4]/D
  -------------------------------------------------------------------    -------------------

                         (clock clk_out1_pixel_clock_wiz rise edge)
                                                      0.000     0.000 r  <hidden>
    W5                                                0.000     0.000 r  clk
                         net (fo=0)                   0.000     0.000    clk
    W5                   IBUF (Prop_ibuf_I_O)         0.414     0.414 r  clk_IBUF_inst/O
                         net (fo=1, routed)           0.685     1.099    clk_IBUF
    BUFGCTRL_X0Y0        BUFG (Prop_bufg_I_O)         0.029     1.128 r  clk_IBUF_BUFG_inst/O
                         net (fo=1666, routed)        0.817     1.944    system_inst/vga_inputs_inst/u_pixel_clock/u_pixel_clock_wiz/inst/clk_in1
    MMCME2_ADV_X1Y0      MMCME2_ADV (Prop_mmcme2_adv_CLKIN1_CLKOUT0)
                                                     -1.375     0.569 r  system_inst/vga_inputs_inst/u_pixel_clock/u_pixel_clock_wiz/inst/mmcm_adv_inst/CLKOUT0
                         net (fo=1, routed)           0.530     1.099    system_inst/vga_inputs_inst/u_pixel_clock/u_pixel_clock_wiz/inst/clk_out1_pixel_clock_wiz
    BUFGCTRL_X0Y1        BUFG (Prop_bufg_I_O)         0.029     1.128 r  system_inst/vga_inputs_inst/u_pixel_clock/u_pixel_clock_wiz/inst/clkout1_buf/O
                         net (fo=32, routed)          0.834     1.961    system_inst/vga_inputs_inst/u_vga_timing/CLK
    SLICE_X46Y4          FDRE                                         r  system_inst/vga_inputs_inst/u_vga_timing/v_count_q_reg[4]/C
                         clock pessimism             -0.498     1.463    <hidden>
    SLICE_X46Y4          FDRE (Hold_fdre_C_D)         0.121     1.584    system_inst/vga_inputs_inst/u_vga_timing/v_count_q_reg[4]
  -------------------------------------------------------------------
                         required time                         -1.584    <hidden>
                         arrival time                           1.811    <hidden>
  -------------------------------------------------------------------
                         slack                                  0.227    <hidden>





Pulse Width Checks
--------------------------------------------------------------------------------------
Clock Name:         clk_out1_pixel_clock_wiz
Waveform(ns):       { 0.000 20.000 }
Period(ns):         40.000
Sources:            { system_inst/vga_inputs_inst/u_pixel_clock/u_pixel_clock_wiz/inst/mmcm_adv_inst/CLKOUT0 }

Check Type        Corner  Lib Pin             Reference Pin  Required(ns)  Actual(ns)  Slack(ns)  Location         Pin
Min Period        n/a     RAMB36E1/CLKBWRCLK  n/a            2.576         40.000      37.424     RAMB36_X1Y1      system_inst/vga_inputs_inst/u_video_memory/memory_reg/CLKBWRCLK
Min Period        n/a     BUFG/I              n/a            2.155         40.000      37.845     BUFGCTRL_X0Y1    system_inst/vga_inputs_inst/u_pixel_clock/u_pixel_clock_wiz/inst/clkout1_buf/I
Min Period        n/a     MMCME2_ADV/CLKOUT0  n/a            1.249         40.000      38.751     MMCME2_ADV_X1Y0  system_inst/vga_inputs_inst/u_pixel_clock/u_pixel_clock_wiz/inst/mmcm_adv_inst/CLKOUT0
Min Period        n/a     FDSE/C              n/a            1.000         40.000      39.000     SLICE_X45Y5      system_inst/vga_inputs_inst/vga_hsync_o_reg/C
Min Period        n/a     FDSE/C              n/a            1.000         40.000      39.000     SLICE_X47Y4      system_inst/vga_inputs_inst/vga_vsync_o_reg/C
Min Period        n/a     FDPE/C              n/a            1.000         40.000      39.000     SLICE_X53Y4      system_inst/vga_inputs_inst/u_pixel_reset_sync/reset_pipe_q_reg[0]/C
Min Period        n/a     FDPE/C              n/a            1.000         40.000      39.000     SLICE_X53Y4      system_inst/vga_inputs_inst/u_pixel_reset_sync/reset_pipe_q_reg[1]/C
Min Period        n/a     FDRE/C              n/a            1.000         40.000      39.000     SLICE_X46Y5      system_inst/vga_inputs_inst/u_tile_renderer/active_video_q_reg/C
Min Period        n/a     FDRE/C              n/a            1.000         40.000      39.000     SLICE_X47Y4      system_inst/vga_inputs_inst/u_tile_renderer/pixel_x_q_reg[2]/C
Min Period        n/a     FDRE/C              n/a            1.000         40.000      39.000     SLICE_X47Y3      system_inst/vga_inputs_inst/u_tile_renderer/pixel_x_q_reg[3]/C
Max Period        n/a     MMCME2_ADV/CLKOUT0  n/a            213.360       40.000      173.360    MMCME2_ADV_X1Y0  system_inst/vga_inputs_inst/u_pixel_clock/u_pixel_clock_wiz/inst/mmcm_adv_inst/CLKOUT0
Low Pulse Width   Slow    FDSE/C              n/a            0.500         20.000      19.500     SLICE_X45Y5      system_inst/vga_inputs_inst/vga_hsync_o_reg/C
Low Pulse Width   Fast    FDSE/C              n/a            0.500         20.000      19.500     SLICE_X45Y5      system_inst/vga_inputs_inst/vga_hsync_o_reg/C
Low Pulse Width   Slow    FDSE/C              n/a            0.500         20.000      19.500     SLICE_X47Y4      system_inst/vga_inputs_inst/vga_vsync_o_reg/C
Low Pulse Width   Fast    FDSE/C              n/a            0.500         20.000      19.500     SLICE_X47Y4      system_inst/vga_inputs_inst/vga_vsync_o_reg/C
Low Pulse Width   Slow    FDPE/C              n/a            0.500         20.000      19.500     SLICE_X53Y4      system_inst/vga_inputs_inst/u_pixel_reset_sync/reset_pipe_q_reg[0]/C
Low Pulse Width   Fast    FDPE/C              n/a            0.500         20.000      19.500     SLICE_X53Y4      system_inst/vga_inputs_inst/u_pixel_reset_sync/reset_pipe_q_reg[0]/C
Low Pulse Width   Slow    FDPE/C              n/a            0.500         20.000      19.500     SLICE_X53Y4      system_inst/vga_inputs_inst/u_pixel_reset_sync/reset_pipe_q_reg[1]/C
Low Pulse Width   Fast    FDPE/C              n/a            0.500         20.000      19.500     SLICE_X53Y4      system_inst/vga_inputs_inst/u_pixel_reset_sync/reset_pipe_q_reg[1]/C
Low Pulse Width   Slow    FDRE/C              n/a            0.500         20.000      19.500     SLICE_X46Y5      system_inst/vga_inputs_inst/u_tile_renderer/active_video_q_reg/C
Low Pulse Width   Fast    FDRE/C              n/a            0.500         20.000      19.500     SLICE_X46Y5      system_inst/vga_inputs_inst/u_tile_renderer/active_video_q_reg/C
High Pulse Width  Slow    FDSE/C              n/a            0.500         20.000      19.500     SLICE_X45Y5      system_inst/vga_inputs_inst/vga_hsync_o_reg/C
High Pulse Width  Fast    FDSE/C              n/a            0.500         20.000      19.500     SLICE_X45Y5      system_inst/vga_inputs_inst/vga_hsync_o_reg/C
High Pulse Width  Slow    FDSE/C              n/a            0.500         20.000      19.500     SLICE_X47Y4      system_inst/vga_inputs_inst/vga_vsync_o_reg/C
High Pulse Width  Fast    FDSE/C              n/a            0.500         20.000      19.500     SLICE_X47Y4      system_inst/vga_inputs_inst/vga_vsync_o_reg/C
High Pulse Width  Slow    FDPE/C              n/a            0.500         20.000      19.500     SLICE_X53Y4      system_inst/vga_inputs_inst/u_pixel_reset_sync/reset_pipe_q_reg[0]/C
High Pulse Width  Fast    FDPE/C              n/a            0.500         20.000      19.500     SLICE_X53Y4      system_inst/vga_inputs_inst/u_pixel_reset_sync/reset_pipe_q_reg[0]/C
High Pulse Width  Slow    FDPE/C              n/a            0.500         20.000      19.500     SLICE_X53Y4      system_inst/vga_inputs_inst/u_pixel_reset_sync/reset_pipe_q_reg[1]/C
High Pulse Width  Fast    FDPE/C              n/a            0.500         20.000      19.500     SLICE_X53Y4      system_inst/vga_inputs_inst/u_pixel_reset_sync/reset_pipe_q_reg[1]/C
High Pulse Width  Slow    FDRE/C              n/a            0.500         20.000      19.500     SLICE_X46Y5      system_inst/vga_inputs_inst/u_tile_renderer/active_video_q_reg/C
High Pulse Width  Fast    FDRE/C              n/a            0.500         20.000      19.500     SLICE_X46Y5      system_inst/vga_inputs_inst/u_tile_renderer/active_video_q_reg/C



---------------------------------------------------------------------------------------------------
From Clock:  clkfbout_pixel_clock_wiz
  To Clock:  clkfbout_pixel_clock_wiz

Setup :           NA  Failing Endpoints,  Worst Slack           NA  ,  Total Violation           NA
Hold  :           NA  Failing Endpoints,  Worst Slack           NA  ,  Total Violation           NA
PW    :            0  Failing Endpoints,  Worst Slack        7.845ns,  Total Violation        0.000ns
---------------------------------------------------------------------------------------------------


Pulse Width Checks
--------------------------------------------------------------------------------------
Clock Name:         clkfbout_pixel_clock_wiz
Waveform(ns):       { 0.000 5.000 }
Period(ns):         10.000
Sources:            { system_inst/vga_inputs_inst/u_pixel_clock/u_pixel_clock_wiz/inst/mmcm_adv_inst/CLKFBOUT }

Check Type  Corner  Lib Pin              Reference Pin  Required(ns)  Actual(ns)  Slack(ns)  Location         Pin
Min Period  n/a     BUFG/I               n/a            2.155         10.000      7.845      BUFGCTRL_X0Y2    system_inst/vga_inputs_inst/u_pixel_clock/u_pixel_clock_wiz/inst/clkf_buf/I
Min Period  n/a     MMCME2_ADV/CLKFBOUT  n/a            1.249         10.000      8.751      MMCME2_ADV_X1Y0  system_inst/vga_inputs_inst/u_pixel_clock/u_pixel_clock_wiz/inst/mmcm_adv_inst/CLKFBOUT
Min Period  n/a     MMCME2_ADV/CLKFBIN   n/a            1.249         10.000      8.751      MMCME2_ADV_X1Y0  system_inst/vga_inputs_inst/u_pixel_clock/u_pixel_clock_wiz/inst/mmcm_adv_inst/CLKFBIN
Max Period  n/a     MMCME2_ADV/CLKFBIN   n/a            100.000       10.000      90.000     MMCME2_ADV_X1Y0  system_inst/vga_inputs_inst/u_pixel_clock/u_pixel_clock_wiz/inst/mmcm_adv_inst/CLKFBIN
Max Period  n/a     MMCME2_ADV/CLKFBOUT  n/a            213.360       10.000      203.360    MMCME2_ADV_X1Y0  system_inst/vga_inputs_inst/u_pixel_clock/u_pixel_clock_wiz/inst/mmcm_adv_inst/CLKFBOUT



---------------------------------------------------------------------------------------------------
Path Group:  **async_default**
From Clock:  sys_clk_pin
  To Clock:  clk_out1_pixel_clock_wiz

Setup :            0  Failing Endpoints,  Worst Slack        4.738ns,  Total Violation        0.000ns
Hold  :            0  Failing Endpoints,  Worst Slack        1.500ns,  Total Violation        0.000ns
---------------------------------------------------------------------------------------------------


Max Delay Paths
--------------------------------------------------------------------------------------
Slack (MET) :             4.738ns  (required time - arrival time)
  Source:                 reset_pipe_q_reg[1]/C
                            (rising edge-triggered cell FDRE clocked by sys_clk_pin  {rise@0.000ns fall@5.000ns period=10.000ns})
  Destination:            system_inst/vga_inputs_inst/u_pixel_reset_sync/reset_pipe_q_reg[0]/PRE
                            (recovery check against rising-edge clock clk_out1_pixel_clock_wiz  {rise@0.000ns fall@20.000ns period=40.000ns})
  Path Group:             **async_default**
  Path Type:              Recovery (Max at Slow Process Corner)
  Requirement:            10.000ns  (clk_out1_pixel_clock_wiz rise@40.000ns - sys_clk_pin rise@30.000ns)
  Data Path Delay:        4.366ns  (logic 0.746ns (17.086%)  route 3.620ns (82.914%))
  Logic Levels:           1  (LUT2=1)
  Clock Path Skew:        -0.114ns (DCD - SCD + CPR)
    Destination Clock Delay (DCD):    4.793ns = ( 44.793 - 40.000 ) 
    Source Clock Delay      (SCD):    5.087ns = ( 35.087 - 30.000 ) 
    Clock Pessimism Removal (CPR):    0.180ns
  Clock Uncertainty:      0.199ns  ((TSJ^2 + DJ^2)^1/2) / 2 + PE
    Total System Jitter     (TSJ):    0.071ns
    Discrete Jitter          (DJ):    0.175ns
    Phase Error              (PE):    0.104ns

    Location             Delay type                Incr(ns)  Path(ns)    Netlist Resource(s)
  -------------------------------------------------------------------    -------------------
                         (clock sys_clk_pin rise edge)
                                                     30.000    30.000 r  <hidden>
    W5                                                0.000    30.000 r  clk
                         net (fo=0)                   0.000    30.000    clk
    W5                   IBUF (Prop_ibuf_I_O)         1.458    31.458 r  clk_IBUF_inst/O
                         net (fo=1, routed)           1.967    33.425    clk_IBUF
    BUFGCTRL_X0Y0        BUFG (Prop_bufg_I_O)         0.096    33.521 r  clk_IBUF_BUFG_inst/O
                         net (fo=1666, routed)        1.566    35.087    clk_IBUF_BUFG
    SLICE_X57Y13         FDRE                                         r  reset_pipe_q_reg[1]/C
  -------------------------------------------------------------------    -------------------
    SLICE_X57Y13         FDRE (Prop_fdre_C_Q)         0.419    35.506 f  reset_pipe_q_reg[1]/Q
                         net (fo=1517, routed)        2.960    38.466    system_inst/vga_inputs_inst/u_pixel_clock/out[0]
    SLICE_X54Y4          LUT2 (Prop_lut2_I0_O)        0.327    38.793 f  system_inst/vga_inputs_inst/u_pixel_clock/reset_pipe_q[1]_i_1/O
                         net (fo=2, routed)           0.660    39.453    system_inst/vga_inputs_inst/u_pixel_reset_sync/AS[0]
    SLICE_X53Y4          FDPE                                         f  system_inst/vga_inputs_inst/u_pixel_reset_sync/reset_pipe_q_reg[0]/PRE
  -------------------------------------------------------------------    -------------------

                         (clock clk_out1_pixel_clock_wiz rise edge)
                                                     40.000    40.000 r  <hidden>
    W5                                                0.000    40.000 r  clk
                         net (fo=0)                   0.000    40.000    clk
    W5                   IBUF (Prop_ibuf_I_O)         1.388    41.388 r  clk_IBUF_inst/O
                         net (fo=1, routed)           1.862    43.250    clk_IBUF
    BUFGCTRL_X0Y0        BUFG (Prop_bufg_I_O)         0.091    43.341 r  clk_IBUF_BUFG_inst/O
                         net (fo=1666, routed)        1.457    44.798    system_inst/vga_inputs_inst/u_pixel_clock/u_pixel_clock_wiz/inst/clk_in1
    MMCME2_ADV_X1Y0      MMCME2_ADV (Prop_mmcme2_adv_CLKIN1_CLKOUT0)
                                                     -3.129    41.669 r  system_inst/vga_inputs_inst/u_pixel_clock/u_pixel_clock_wiz/inst/mmcm_adv_inst/CLKOUT0
                         net (fo=1, routed)           1.581    43.250    system_inst/vga_inputs_inst/u_pixel_clock/u_pixel_clock_wiz/inst/clk_out1_pixel_clock_wiz
    BUFGCTRL_X0Y1        BUFG (Prop_bufg_I_O)         0.091    43.341 r  system_inst/vga_inputs_inst/u_pixel_clock/u_pixel_clock_wiz/inst/clkout1_buf/O
                         net (fo=32, routed)          1.452    44.793    system_inst/vga_inputs_inst/u_pixel_reset_sync/CLK
    SLICE_X53Y4          FDPE                                         r  system_inst/vga_inputs_inst/u_pixel_reset_sync/reset_pipe_q_reg[0]/C
                         clock pessimism              0.180    44.973    <hidden>
                         clock uncertainty           -0.199    44.774    <hidden>
    SLICE_X53Y4          FDPE (Recov_fdpe_C_PRE)     -0.583    44.191    system_inst/vga_inputs_inst/u_pixel_reset_sync/reset_pipe_q_reg[0]
  -------------------------------------------------------------------
                         required time                         44.191    <hidden>
                         arrival time                         -39.453    <hidden>
  -------------------------------------------------------------------
                         slack                                  4.738    <hidden>

Slack (MET) :             4.738ns  (required time - arrival time)
  Source:                 reset_pipe_q_reg[1]/C
                            (rising edge-triggered cell FDRE clocked by sys_clk_pin  {rise@0.000ns fall@5.000ns period=10.000ns})
  Destination:            system_inst/vga_inputs_inst/u_pixel_reset_sync/reset_pipe_q_reg[1]/PRE
                            (recovery check against rising-edge clock clk_out1_pixel_clock_wiz  {rise@0.000ns fall@20.000ns period=40.000ns})
  Path Group:             **async_default**
  Path Type:              Recovery (Max at Slow Process Corner)
  Requirement:            10.000ns  (clk_out1_pixel_clock_wiz rise@40.000ns - sys_clk_pin rise@30.000ns)
  Data Path Delay:        4.366ns  (logic 0.746ns (17.086%)  route 3.620ns (82.914%))
  Logic Levels:           1  (LUT2=1)
  Clock Path Skew:        -0.114ns (DCD - SCD + CPR)
    Destination Clock Delay (DCD):    4.793ns = ( 44.793 - 40.000 ) 
    Source Clock Delay      (SCD):    5.087ns = ( 35.087 - 30.000 ) 
    Clock Pessimism Removal (CPR):    0.180ns
  Clock Uncertainty:      0.199ns  ((TSJ^2 + DJ^2)^1/2) / 2 + PE
    Total System Jitter     (TSJ):    0.071ns
    Discrete Jitter          (DJ):    0.175ns
    Phase Error              (PE):    0.104ns

    Location             Delay type                Incr(ns)  Path(ns)    Netlist Resource(s)
  -------------------------------------------------------------------    -------------------
                         (clock sys_clk_pin rise edge)
                                                     30.000    30.000 r  <hidden>
    W5                                                0.000    30.000 r  clk
                         net (fo=0)                   0.000    30.000    clk
    W5                   IBUF (Prop_ibuf_I_O)         1.458    31.458 r  clk_IBUF_inst/O
                         net (fo=1, routed)           1.967    33.425    clk_IBUF
    BUFGCTRL_X0Y0        BUFG (Prop_bufg_I_O)         0.096    33.521 r  clk_IBUF_BUFG_inst/O
                         net (fo=1666, routed)        1.566    35.087    clk_IBUF_BUFG
    SLICE_X57Y13         FDRE                                         r  reset_pipe_q_reg[1]/C
  -------------------------------------------------------------------    -------------------
    SLICE_X57Y13         FDRE (Prop_fdre_C_Q)         0.419    35.506 f  reset_pipe_q_reg[1]/Q
                         net (fo=1517, routed)        2.960    38.466    system_inst/vga_inputs_inst/u_pixel_clock/out[0]
    SLICE_X54Y4          LUT2 (Prop_lut2_I0_O)        0.327    38.793 f  system_inst/vga_inputs_inst/u_pixel_clock/reset_pipe_q[1]_i_1/O
                         net (fo=2, routed)           0.660    39.453    system_inst/vga_inputs_inst/u_pixel_reset_sync/AS[0]
    SLICE_X53Y4          FDPE                                         f  system_inst/vga_inputs_inst/u_pixel_reset_sync/reset_pipe_q_reg[1]/PRE
  -------------------------------------------------------------------    -------------------

                         (clock clk_out1_pixel_clock_wiz rise edge)
                                                     40.000    40.000 r  <hidden>
    W5                                                0.000    40.000 r  clk
                         net (fo=0)                   0.000    40.000    clk
    W5                   IBUF (Prop_ibuf_I_O)         1.388    41.388 r  clk_IBUF_inst/O
                         net (fo=1, routed)           1.862    43.250    clk_IBUF
    BUFGCTRL_X0Y0        BUFG (Prop_bufg_I_O)         0.091    43.341 r  clk_IBUF_BUFG_inst/O
                         net (fo=1666, routed)        1.457    44.798    system_inst/vga_inputs_inst/u_pixel_clock/u_pixel_clock_wiz/inst/clk_in1
    MMCME2_ADV_X1Y0      MMCME2_ADV (Prop_mmcme2_adv_CLKIN1_CLKOUT0)
                                                     -3.129    41.669 r  system_inst/vga_inputs_inst/u_pixel_clock/u_pixel_clock_wiz/inst/mmcm_adv_inst/CLKOUT0
                         net (fo=1, routed)           1.581    43.250    system_inst/vga_inputs_inst/u_pixel_clock/u_pixel_clock_wiz/inst/clk_out1_pixel_clock_wiz
    BUFGCTRL_X0Y1        BUFG (Prop_bufg_I_O)         0.091    43.341 r  system_inst/vga_inputs_inst/u_pixel_clock/u_pixel_clock_wiz/inst/clkout1_buf/O
                         net (fo=32, routed)          1.452    44.793    system_inst/vga_inputs_inst/u_pixel_reset_sync/CLK
    SLICE_X53Y4          FDPE                                         r  system_inst/vga_inputs_inst/u_pixel_reset_sync/reset_pipe_q_reg[1]/C
                         clock pessimism              0.180    44.973    <hidden>
                         clock uncertainty           -0.199    44.774    <hidden>
    SLICE_X53Y4          FDPE (Recov_fdpe_C_PRE)     -0.583    44.191    system_inst/vga_inputs_inst/u_pixel_reset_sync/reset_pipe_q_reg[1]
  -------------------------------------------------------------------
                         required time                         44.191    <hidden>
                         arrival time                         -39.453    <hidden>
  -------------------------------------------------------------------
                         slack                                  4.738    <hidden>





Min Delay Paths
--------------------------------------------------------------------------------------
Slack (MET) :             1.500ns  (arrival time - required time)
  Source:                 reset_pipe_q_reg[1]/C
                            (rising edge-triggered cell FDRE clocked by sys_clk_pin  {rise@0.000ns fall@5.000ns period=10.000ns})
  Destination:            system_inst/vga_inputs_inst/u_pixel_reset_sync/reset_pipe_q_reg[0]/PRE
                            (removal check against rising-edge clock clk_out1_pixel_clock_wiz  {rise@0.000ns fall@20.000ns period=40.000ns})
  Path Group:             **async_default**
  Path Type:              Removal (Min at Fast Process Corner)
  Requirement:            0.000ns  (clk_out1_pixel_clock_wiz rise@0.000ns - sys_clk_pin rise@0.000ns)
  Data Path Delay:        1.804ns  (logic 0.227ns (12.582%)  route 1.577ns (87.418%))
  Logic Levels:           1  (LUT2=1)
  Clock Path Skew:        0.273ns (DCD - SCD - CPR)
    Destination Clock Delay (DCD):    1.964ns
    Source Clock Delay      (SCD):    1.447ns
    Clock Pessimism Removal (CPR):    0.244ns
  Clock Uncertainty:      0.199ns  ((TSJ^2 + DJ^2)^1/2) / 2 + PE
    Total System Jitter     (TSJ):    0.071ns
    Discrete Jitter          (DJ):    0.175ns
    Phase Error              (PE):    0.104ns

    Location             Delay type                Incr(ns)  Path(ns)    Netlist Resource(s)
  -------------------------------------------------------------------    -------------------
                         (clock sys_clk_pin rise edge)
                                                      0.000     0.000 r  <hidden>
    W5                                                0.000     0.000 r  clk
                         net (fo=0)                   0.000     0.000    clk
    W5                   IBUF (Prop_ibuf_I_O)         0.226     0.226 r  clk_IBUF_inst/O
                         net (fo=1, routed)           0.631     0.858    clk_IBUF
    BUFGCTRL_X0Y0        BUFG (Prop_bufg_I_O)         0.026     0.884 r  clk_IBUF_BUFG_inst/O
                         net (fo=1666, routed)        0.564     1.447    clk_IBUF_BUFG
    SLICE_X57Y13         FDRE                                         r  reset_pipe_q_reg[1]/C
  -------------------------------------------------------------------    -------------------
    SLICE_X57Y13         FDRE (Prop_fdre_C_Q)         0.128     1.575 f  reset_pipe_q_reg[1]/Q
                         net (fo=1517, routed)        1.343     2.918    system_inst/vga_inputs_inst/u_pixel_clock/out[0]
    SLICE_X54Y4          LUT2 (Prop_lut2_I0_O)        0.099     3.017 f  system_inst/vga_inputs_inst/u_pixel_clock/reset_pipe_q[1]_i_1/O
                         net (fo=2, routed)           0.234     3.251    system_inst/vga_inputs_inst/u_pixel_reset_sync/AS[0]
    SLICE_X53Y4          FDPE                                         f  system_inst/vga_inputs_inst/u_pixel_reset_sync/reset_pipe_q_reg[0]/PRE
  -------------------------------------------------------------------    -------------------

                         (clock clk_out1_pixel_clock_wiz rise edge)
                                                      0.000     0.000 r  <hidden>
    W5                                                0.000     0.000 r  clk
                         net (fo=0)                   0.000     0.000    clk
    W5                   IBUF (Prop_ibuf_I_O)         0.414     0.414 r  clk_IBUF_inst/O
                         net (fo=1, routed)           0.685     1.099    clk_IBUF
    BUFGCTRL_X0Y0        BUFG (Prop_bufg_I_O)         0.029     1.128 r  clk_IBUF_BUFG_inst/O
                         net (fo=1666, routed)        0.817     1.944    system_inst/vga_inputs_inst/u_pixel_clock/u_pixel_clock_wiz/inst/clk_in1
    MMCME2_ADV_X1Y0      MMCME2_ADV (Prop_mmcme2_adv_CLKIN1_CLKOUT0)
                                                     -1.375     0.569 r  system_inst/vga_inputs_inst/u_pixel_clock/u_pixel_clock_wiz/inst/mmcm_adv_inst/CLKOUT0
                         net (fo=1, routed)           0.530     1.099    system_inst/vga_inputs_inst/u_pixel_clock/u_pixel_clock_wiz/inst/clk_out1_pixel_clock_wiz
    BUFGCTRL_X0Y1        BUFG (Prop_bufg_I_O)         0.029     1.128 r  system_inst/vga_inputs_inst/u_pixel_clock/u_pixel_clock_wiz/inst/clkout1_buf/O
                         net (fo=32, routed)          0.837     1.964    system_inst/vga_inputs_inst/u_pixel_reset_sync/CLK
    SLICE_X53Y4          FDPE                                         r  system_inst/vga_inputs_inst/u_pixel_reset_sync/reset_pipe_q_reg[0]/C
                         clock pessimism             -0.244     1.720    <hidden>
                         clock uncertainty            0.199     1.919    <hidden>
    SLICE_X53Y4          FDPE (Remov_fdpe_C_PRE)     -0.168     1.751    system_inst/vga_inputs_inst/u_pixel_reset_sync/reset_pipe_q_reg[0]
  -------------------------------------------------------------------
                         required time                         -1.751    <hidden>
                         arrival time                           3.251    <hidden>
  -------------------------------------------------------------------
                         slack                                  1.500    <hidden>

Slack (MET) :             1.500ns  (arrival time - required time)
  Source:                 reset_pipe_q_reg[1]/C
                            (rising edge-triggered cell FDRE clocked by sys_clk_pin  {rise@0.000ns fall@5.000ns period=10.000ns})
  Destination:            system_inst/vga_inputs_inst/u_pixel_reset_sync/reset_pipe_q_reg[1]/PRE
                            (removal check against rising-edge clock clk_out1_pixel_clock_wiz  {rise@0.000ns fall@20.000ns period=40.000ns})
  Path Group:             **async_default**
  Path Type:              Removal (Min at Fast Process Corner)
  Requirement:            0.000ns  (clk_out1_pixel_clock_wiz rise@0.000ns - sys_clk_pin rise@0.000ns)
  Data Path Delay:        1.804ns  (logic 0.227ns (12.582%)  route 1.577ns (87.418%))
  Logic Levels:           1  (LUT2=1)
  Clock Path Skew:        0.273ns (DCD - SCD - CPR)
    Destination Clock Delay (DCD):    1.964ns
    Source Clock Delay      (SCD):    1.447ns
    Clock Pessimism Removal (CPR):    0.244ns
  Clock Uncertainty:      0.199ns  ((TSJ^2 + DJ^2)^1/2) / 2 + PE
    Total System Jitter     (TSJ):    0.071ns
    Discrete Jitter          (DJ):    0.175ns
    Phase Error              (PE):    0.104ns

    Location             Delay type                Incr(ns)  Path(ns)    Netlist Resource(s)
  -------------------------------------------------------------------    -------------------
                         (clock sys_clk_pin rise edge)
                                                      0.000     0.000 r  <hidden>
    W5                                                0.000     0.000 r  clk
                         net (fo=0)                   0.000     0.000    clk
    W5                   IBUF (Prop_ibuf_I_O)         0.226     0.226 r  clk_IBUF_inst/O
                         net (fo=1, routed)           0.631     0.858    clk_IBUF
    BUFGCTRL_X0Y0        BUFG (Prop_bufg_I_O)         0.026     0.884 r  clk_IBUF_BUFG_inst/O
                         net (fo=1666, routed)        0.564     1.447    clk_IBUF_BUFG
    SLICE_X57Y13         FDRE                                         r  reset_pipe_q_reg[1]/C
  -------------------------------------------------------------------    -------------------
    SLICE_X57Y13         FDRE (Prop_fdre_C_Q)         0.128     1.575 f  reset_pipe_q_reg[1]/Q
                         net (fo=1517, routed)        1.343     2.918    system_inst/vga_inputs_inst/u_pixel_clock/out[0]
    SLICE_X54Y4          LUT2 (Prop_lut2_I0_O)        0.099     3.017 f  system_inst/vga_inputs_inst/u_pixel_clock/reset_pipe_q[1]_i_1/O
                         net (fo=2, routed)           0.234     3.251    system_inst/vga_inputs_inst/u_pixel_reset_sync/AS[0]
    SLICE_X53Y4          FDPE                                         f  system_inst/vga_inputs_inst/u_pixel_reset_sync/reset_pipe_q_reg[1]/PRE
  -------------------------------------------------------------------    -------------------

                         (clock clk_out1_pixel_clock_wiz rise edge)
                                                      0.000     0.000 r  <hidden>
    W5                                                0.000     0.000 r  clk
                         net (fo=0)                   0.000     0.000    clk
    W5                   IBUF (Prop_ibuf_I_O)         0.414     0.414 r  clk_IBUF_inst/O
                         net (fo=1, routed)           0.685     1.099    clk_IBUF
    BUFGCTRL_X0Y0        BUFG (Prop_bufg_I_O)         0.029     1.128 r  clk_IBUF_BUFG_inst/O
                         net (fo=1666, routed)        0.817     1.944    system_inst/vga_inputs_inst/u_pixel_clock/u_pixel_clock_wiz/inst/clk_in1
    MMCME2_ADV_X1Y0      MMCME2_ADV (Prop_mmcme2_adv_CLKIN1_CLKOUT0)
                                                     -1.375     0.569 r  system_inst/vga_inputs_inst/u_pixel_clock/u_pixel_clock_wiz/inst/mmcm_adv_inst/CLKOUT0
                         net (fo=1, routed)           0.530     1.099    system_inst/vga_inputs_inst/u_pixel_clock/u_pixel_clock_wiz/inst/clk_out1_pixel_clock_wiz
    BUFGCTRL_X0Y1        BUFG (Prop_bufg_I_O)         0.029     1.128 r  system_inst/vga_inputs_inst/u_pixel_clock/u_pixel_clock_wiz/inst/clkout1_buf/O
                         net (fo=32, routed)          0.837     1.964    system_inst/vga_inputs_inst/u_pixel_reset_sync/CLK
    SLICE_X53Y4          FDPE                                         r  system_inst/vga_inputs_inst/u_pixel_reset_sync/reset_pipe_q_reg[1]/C
                         clock pessimism             -0.244     1.720    <hidden>
                         clock uncertainty            0.199     1.919    <hidden>
    SLICE_X53Y4          FDPE (Remov_fdpe_C_PRE)     -0.168     1.751    system_inst/vga_inputs_inst/u_pixel_reset_sync/reset_pipe_q_reg[1]
  -------------------------------------------------------------------
                         required time                         -1.751    <hidden>
                         arrival time                           3.251    <hidden>
  -------------------------------------------------------------------
                         slack                                  1.500    <hidden>





